Node_0,Node_1,Node_2,Node_3,Node_4,Node_5,Node_6,Node_7,Node_8,Node_9,Node_10,Node_11,Node_12,Node_13,Node_14,Node_15,Node_16,Node_17,Node_18,Node_19,Node_20,Node_21,Node_22,Node_23,Node_24,Node_25,Node_26,Node_27,Node_28,Node_29,Node_30,Node_31,Node_32,Node_33,Node_34,Node_35,Node_36,Node_37,Node_38,Node_39,Node_40,Node_41,Node_42,Node_43,Node_44,Node_45,Node_46,Node_47,Node_48,Node_49,Node_50,Node_51,Node_52,Node_53,Node_54,Node_55,Node_56,Node_57,Node_58,Node_59,Node_60,Node_61,Node_62,Node_63,Node_64,Node_65,Node_66,Node_67,Node_68,Node_69,Node_70,Node_71,Node_72,Node_73,Node_74,Node_75,Node_76,Node_77,Node_78,Node_79,Node_80,Node_81,Node_82,Node_83,Node_84,Node_85,Node_86,Node_87,Node_88,Node_89,Node_90,Node_91,Node_92,Node_93,Node_94,Node_95,Node_96,Node_97,Node_98,Node_99,Node_100,Node_101,Node_102,Node_103,Node_104,Node_105,Node_106,Node_107,Node_108,Node_109
0.0740277948869055,0.0452056431049639,0.0728519881588604,0.038003364715258,0.0407937623027074,0.0327224508199447,0.0170685454812889,0.0561070551912317,0.0597365125010819,0.041654390235107,0.0453734584046611,0.0372530957556352,0.0324277674279851,0.0292107069010453,0.0359873050411322,0.001601635982054,0.0364751526807143,0.0350122474435823,0.010407907516474,0.0409002354822754,0.0601252099486505,0.0088519188185245,0.0399970395312059,0.0249110538525094,0.0679532480361162,0.0002995653076618,0.0355941903938852,0.000759310705887,0.0538355973332649,0.0144486589418873,0.0381173467142598,0.015603002294089,0.0256610319440673,0.0649238401940769,0.0203232693174493,0.0166585792315831,0.0621234499306723,0.0269187943214706,0.0183437044517955,0.0184451589261596,0.0147959424201588,0.0193374796950734,0.0133074984789684,0.0104398670405501,0.0079890020817038,0.0067682068437312,0.0199112163682165,0.0016403963839048,0.001549192746151,0.0013720278102859,0.0074347290666326,0.0113488023456275,0.0185257866394752,0.0277045481517661,0.0073557139947051,0.0208958941967705,0.0088678932175725,0.0039575330546377,0.0011762666045168,0.020235611019741,0.0085546157910976,0.0123424189423352,0.0139068660253621,0.0474514086947052,0.002908016188274,0.0039629154674638,0.0763536747782322,0.0008239468272923,0.088156487363917,0.0872167965358084,0.0749277032585244,0.0432478511732712,0.0546349185689868,0.0345465080527139,0.0406687238957347,0.0388467420139383,0.0300872126572993,0.0402732899443412,0.0368333533702879,0.0289273099024635,0.0537712228371705,0.0054175181453234,0.0552891121450838,0.0099696748220013,0.0097140801883153,0.0294122652816574,0.0618109426264795,0.0066804593990096,0.0071160911952864,0.0072091237120816,0.0066061197653626,0.0264221190564617,0.0169577748587346,0.020466886410636,0.0083730066133869,0.0050395938954525,0.0037397247160136,0.0064720274813035,0.01893913409261,0.0246286221618999,0.0195412254775194,0.0013869587650088,0.0009669992603345,0.0029103287541828,0.0086810220969105,0.0985600091843312,0.0038612798635619,0.0107050670928444,0.0007113476258636,0.0708086252228604
0.0743278451069396,0.0449155479349252,0.0737321303785031,0.0383895190397995,0.0410774416981031,0.0329190645186043,0.0168959939132213,0.0564358735249974,0.0589710118139499,0.0420260227769118,0.0451633960972321,0.0375019453397187,0.0327353128390381,0.0292537669077901,0.0358951459977926,0.0016163229010965,0.036777810313238,0.035141225444484,0.010251233054994,0.0405427256027311,0.0605653123233743,0.0087662860213742,0.0395052231881472,0.0250665604049692,0.0686537665451516,0.000298397717995,0.0355548668192237,0.0007521999644083,0.0531468462996001,0.0143579631300005,0.0379251758696723,0.0154786500877237,0.0258579651779871,0.0643692158565089,0.0203516196048278,0.0166473248525577,0.0612080902057081,0.0270088515512664,0.0181073277141875,0.0185210030089201,0.0146271890329982,0.0191988758889031,0.013235828345288,0.0106008459812041,0.0079383683892317,0.0067493782202527,0.0203183388138321,0.001618638436181,0.0015459792144075,0.001342722874036,0.0074433385375004,0.0113556475825425,0.0188098726970964,0.0278102965346194,0.0074334500357687,0.0205497168880158,0.0088763671705127,0.0040008759132224,0.0011852399112734,0.0203560510586914,0.0085401406471242,0.0123145521212949,0.0139641099270811,0.0476211963633507,0.0029209325866157,0.003958015930618,0.0762713625657119,0.0008272130388194,0.0883545243376709,0.0881428741178393,0.0752979563328478,0.0435110181499543,0.0546877585784832,0.0350972885637814,0.0406610958457956,0.0389176019196076,0.0303173963398139,0.0398237894725424,0.0365922288047054,0.029021742500783,0.0536911530836985,0.005522485551748,0.0556714972993445,0.0099795062161277,0.0096417841561206,0.0293031923238632,0.0618599065058402,0.0066757898409932,0.0069911628253091,0.0072923317936265,0.0065604853624864,0.0264509653995682,0.0170899037239066,0.0204229341304493,0.008349898696108,0.0049546380920812,0.0037220603146428,0.0063248785895872,0.0187758346149742,0.0248351813529042,0.0193644594630123,0.0013734410601143,0.0009653221926921,0.0029116893869768,0.008548904961227,0.0986633302271696,0.0038643353204614,0.0107968431050048,0.0007257797960038,0.0710978054564247
0.0740708830386075,0.0452445958133083,0.0746757062716336,0.0387262000778636,0.0408859462268393,0.0329260210554284,0.0169841869369003,0.0561076815118674,0.0590138744945942,0.0411090410865515,0.0451298412866362,0.0370367218248206,0.0327663432056242,0.0294029748381383,0.0358550768485145,0.0016084922397976,0.0364808786359242,0.0351894979126577,0.0104352103454231,0.0398944466891698,0.0607229609352157,0.0088720564303963,0.0399211765370093,0.025256247088926,0.0690361359736873,0.0002972024019246,0.0356839593623045,0.0007561725913713,0.052835606571329,0.0142005928078472,0.0381101552897222,0.0153966710253911,0.0254801748925082,0.0642537285265783,0.02036190801557,0.016604214858325,0.0619787771233293,0.0265998655331493,0.0180462571356584,0.0186389375075826,0.0147578098410978,0.0193505632401986,0.0131166105159169,0.0105480622547441,0.0079245345411099,0.0069369052363498,0.0199288784622328,0.001619740554448,0.0015860210926184,0.0013454042757028,0.0074508000789192,0.0112225857842657,0.0187228370258996,0.0271696936142128,0.007462424378347,0.0204017683595312,0.0089190325382232,0.0039575764843557,0.001172424477356,0.0203870033064637,0.008628740186076,0.0124875982831698,0.0138635263271614,0.0477936369643188,0.0029089620861324,0.0039923936726188,0.0755981353117295,0.0008321360243095,0.0886755131766465,0.0876965716686678,0.0753703613784933,0.043008811559476,0.0545688685571163,0.034867301021363,0.0408571816001116,0.0391377288455034,0.0306843808037031,0.0403076881190187,0.0371189993017379,0.0293574666692914,0.0544567835731031,0.0054227301528018,0.0565216486630438,0.0098031822997311,0.0095958999981518,0.0293225543873769,0.0625956880443416,0.0066301157266456,0.006931928875432,0.0073092334351903,0.0064825236879545,0.0264478545194293,0.0167992944502277,0.0203147439022974,0.0082173181359677,0.0048189657407406,0.0037284504321894,0.0063210228539776,0.0188364887066675,0.0249850130813544,0.0192155812905999,0.0013752856635947,0.0009792531717581,0.0029244534184246,0.0087436192933008,0.0983719648863655,0.0038136405566913,0.010822336441716,0.0007183188211689,0.0708086252228604
0.0746490476923547,0.0450713587683029,0.0745424955573093,0.0381995065943902,0.0410085413424375,0.0329721538785776,0.0170375044584619,0.0557851263844592,0.0584044207541829,0.0407170983942062,0.0455040004075272,0.0368598664600317,0.0328715016701658,0.0294146577857047,0.0362529635008459,0.0016110434054696,0.0362497954435243,0.0352445586966683,0.0104716141173552,0.0398000742833924,0.060650048452239,0.0089262361956706,0.0411315361262371,0.026666242742437,0.0685467326317584,0.0002971746755209,0.0355806853278398,0.0007585283504676,0.0536048302343566,0.0142929824294636,0.038090978157622,0.0154700025073089,0.0257256237481955,0.0639985157851267,0.0202137549008823,0.0168470423922111,0.0616576575743205,0.0267231923128059,0.0181067347959494,0.0184225887031397,0.0148486255885985,0.0192704265263066,0.0130771501115754,0.0103603486993896,0.0082230924920791,0.0068792805378811,0.0196686420390057,0.001648733375312,0.0015940390134044,0.0013507670790366,0.0073947155258375,0.0111896806103236,0.0188662018581279,0.0269878430714447,0.0073241484507581,0.0205463797031627,0.0090032793959425,0.0039364262116796,0.0011618742715041,0.0207556930061179,0.0086360263323714,0.0123972010344291,0.0137898636319261,0.0480721948581904,0.0028948062354245,0.0040299297937434,0.077130875353293,0.0008173576005593,0.088495308916169,0.087750499881276,0.0745969438454622,0.043334977761477,0.0542243076618585,0.0351163220155677,0.0411075611216411,0.0385058597458369,0.0307212515432675,0.0406172716911159,0.0387367402597149,0.0293730968924615,0.0542440434981845,0.0054564263871968,0.056990634601842,0.0098200666505133,0.0096207582327173,0.0293996799403735,0.0623601320841739,0.0065663470749846,0.0069247678722931,0.0071358577726331,0.0065850094996046,0.0268573594686282,0.0167903868862835,0.0203539628600025,0.0082108050936458,0.0048223170544831,0.0037444460767487,0.0064160141585397,0.0190939504804985,0.0248318743707822,0.0192593437505021,0.0013830161010812,0.0009769073348105,0.0028997028599826,0.0087435217898797,0.0983719648863655,0.0038132102106491,0.0110300774924976,0.0007120006652365,0.0712404469193418
0.0743294119488197,0.0448894086174836,0.0839623960702424,0.0390611298491496,0.0437312933283957,0.0354787039363505,0.0190097049734858,0.0706276728103239,0.0597780357229561,0.0453780618778187,0.0511972864902743,0.0374279947557694,0.0326525651948086,0.0294463686433849,0.0368467882931472,0.0018751067689548,0.0372608355348738,0.035433877282787,0.0103994977843504,0.0420747893433703,0.0619539338460104,0.0093439478019266,0.043964329295897,0.02999867510488,0.0687113434089079,0.0003046238359804,0.0394292319429468,0.0007633615683919,0.0536415162859779,0.0172671583319985,0.0422256477431438,0.0160772356040384,0.0298127060387455,0.0758708984558944,0.0222920138708074,0.0203620329396728,0.0625351589945594,0.0293405881061697,0.0193413882071844,0.0183274277628396,0.0147596495707893,0.0226566115490273,0.0145890552856932,0.0103681177327214,0.0088456156575615,0.0072143237451835,0.020247019725336,0.0016605900347334,0.001863880228428,0.0014617155676789,0.0076606251832117,0.0122297963457706,0.0195795689949462,0.0275272820764627,0.0077225652915225,0.020650054912597,0.0091437893598112,0.004301887288824,0.0012169781343344,0.0204691215148389,0.009649772153602,0.012648953973779,0.0147570932788006,0.0473123950410017,0.0029253359042322,0.0039564772330962,0.0861479616238133,0.000819610813149,0.0894244871342562,0.0878481285420323,0.0761421333423052,0.0438309291097251,0.0596145390472574,0.0371937439719985,0.0437993653324924,0.0433406856172734,0.0334948270830275,0.0406581776285702,0.0408292444554812,0.0321122935030263,0.0579892039379592,0.0055447880953764,0.0608602259954372,0.0104708621964861,0.0098671654828479,0.0331375263017076,0.0614715038411816,0.006710957449804,0.0068889628565987,0.0074380988923622,0.0066124598121744,0.0341308800407601,0.01765905994509,0.0224330184109882,0.0084566947462345,0.0050133977930323,0.0037991080376725,0.0069691369577975,0.0211171673852329,0.0245403511775668,0.0245222085974698,0.0014402269708589,0.0010443089920195,0.0031426730017562,0.0098706613385895,0.0987470202718686,0.0038299937062946,0.0112539445609198,0.0008048628640571,0.0719863916188594
0.1327890659153122,0.0626795205468861,0.1141274865764302,0.0662276557423521,0.0592243698558246,0.0667516321622662,0.0378583618167752,0.1170530636142227,0.0964256276738413,0.0751622494491623,0.0794053908279156,0.0500117234880137,0.0520992959342922,0.060061032043411,0.059807612903972,0.0030256470541917,0.0721359927312195,0.0571044442062042,0.0170277491194309,0.064169410020319,0.1060830646464899,0.0166018308007096,0.0727405423218401,0.0514695378597688,0.1039417405435063,0.000545322907885,0.0540385357414437,0.0011872678131409,0.0844282141223845,0.0279669543940973,0.0804600548679319,0.0253678500985169,0.0529621215636219,0.1263837733749882,0.0375408103788521,0.0266600978935744,0.1160221831597834,0.0501469630601006,0.0307997307987902,0.0308234012375029,0.0253829178023746,0.039412544246581,0.029429374347441,0.0161960352364528,0.013953108551065,0.0098034872390954,0.0363074524563848,0.0029350120495716,0.002963958050553,0.0026384552827952,0.0129187160245421,0.0193130553583716,0.0354975391684701,0.0404976574277115,0.0125195071951769,0.041107665498669,0.0144227664385402,0.0073453984979977,0.0017524855580552,0.0330355235508538,0.018615618041611,0.0222298389188727,0.0260533711350715,0.0723168127678408,0.0047391439733889,0.0071235621454555,0.1368722127562311,0.0014755702278703,0.1728750153209113,0.1376870949597249,0.1493362294283865,0.0714764189489196,0.1105842323741967,0.06071512507747,0.069561982229647,0.0696754131632959,0.06174367155737,0.0589375535882566,0.0570342336424264,0.05568169315463,0.0906377920288913,0.0092665856680902,0.1035538029077516,0.0183942178214705,0.0167138483140314,0.052043290518674,0.1091219602217367,0.0112678623790266,0.0100278173411498,0.0127802412747811,0.0112730212564436,0.0426784474334314,0.0287090785920954,0.0470124858692484,0.0146025977645852,0.0087960814693754,0.0067836999457782,0.0122130074910405,0.0320291778044469,0.0362198488827148,0.0413780494031455,0.0026177457956578,0.0019633729263066,0.0052572259476022,0.0154871509081687,0.1670050340125771,0.0056021587080386,0.0177792901697169,0.001273990023535,0.1186161196849424
0.1419190535505021,0.0861762042487451,0.1385898898360681,0.0709805937777527,0.0764218986299608,0.0588025073734394,0.0345623529753072,0.1165144278674827,0.0995619703841117,0.0737833198667214,0.0826142419617487,0.0601636909544113,0.0648431227093359,0.0584524570627672,0.0667095238671232,0.0030977352008553,0.0652746624025471,0.0602429088948103,0.0166391734145987,0.0791155335100899,0.1233889410113763,0.0169386083859188,0.0750030699158062,0.0502080039987907,0.1379644998690615,0.000635553867645,0.0649518207295813,0.0014655603286622,0.1064528627263961,0.0246187545067187,0.0785743035447449,0.0284228673074687,0.0460393155344996,0.1330399783105567,0.0378894731873378,0.0296499476705818,0.1160363800240553,0.0560127288683271,0.0349141880927058,0.0317040466059639,0.0296368745936836,0.039352441711162,0.0267233387748039,0.0175465902807894,0.0146570977110427,0.012629526963867,0.0348466407816719,0.0032598702968366,0.0027844934386746,0.0025310966488436,0.0157247475677612,0.019857672014676,0.0369899569042481,0.0475809652919026,0.0132030347077616,0.039015918032787,0.0162824049715659,0.0067747320032055,0.0020604314242375,0.0317727981774522,0.0165018584270124,0.0253089187402617,0.0249558265594776,0.0940193909259893,0.0055746327196611,0.0076012062498624,0.1503488880566705,0.0016434535003637,0.1652876651037224,0.1530808102690664,0.1521698996238751,0.0724111308593116,0.1097762205623142,0.0654461274371143,0.0703176078824348,0.0805392010679807,0.0595545144690243,0.0760664500570413,0.0628078274072087,0.0538747742302334,0.0966547125544032,0.0110928488466113,0.1093401989900891,0.018479387616239,0.0192785966653281,0.053051085924566,0.1198615916528661,0.0122429974241633,0.0147388233626489,0.0126691951953664,0.0108062266010694,0.0453772773576063,0.0277084622423657,0.0428056891646086,0.0158684476887249,0.0082876313194153,0.008393480449501,0.010942086929856,0.0370920978428877,0.0427608051367708,0.0396020229054467,0.0024416354465785,0.0017367938856932,0.0055836158380514,0.015395985209376,0.1904062170050285,0.007185487866469,0.0217777125289669,0.0014302215304995,0.1234137055005441
0.1333664471481194,0.1015481730469773,0.1776198362121711,0.0659128655390126,0.0741586407400622,0.0597053926265022,0.031974079454294,0.1316281711286246,0.0974101298698903,0.0738174582048639,0.0883167211432892,0.0610483590512865,0.0786833557704204,0.0522608286510715,0.0677216705778878,0.0030897450917019,0.0609965558671446,0.0634571764435953,0.0167487303358248,0.0799827394010177,0.1108690137543075,0.019346107831893,0.0722120876009023,0.0622777650897908,0.1478153107258346,0.0007268445921685,0.0615552966191695,0.0014370825913957,0.1242130536846844,0.0245670163186135,0.0695654462170871,0.0283543784705832,0.0444833707417215,0.1404211870395784,0.0372250704847413,0.0310739127455697,0.1129509281889473,0.0527563282724635,0.033308170224978,0.0324773309135734,0.0275149972667193,0.0369450694081218,0.025720654083567,0.0180863095963672,0.015356927674853,0.0126550367118057,0.0359723198116963,0.0029947575253066,0.0025421740549203,0.0030390684138,0.0200644948498592,0.0198235659219769,0.0344069496716753,0.0569338901823054,0.0134923855272762,0.0358340235149137,0.0166396904757651,0.008107068892645,0.0021183136330927,0.0425203871777086,0.0174956887817023,0.0243516594535979,0.02337769946015,0.0892701114820955,0.0056334740898846,0.0077223179416462,0.1562025860333819,0.0016402346252355,0.1629919379103473,0.165583787423253,0.1433463574704433,0.0835481428470893,0.1035972419518282,0.0649254832247086,0.1028099596611277,0.0774075286689035,0.0647756868604323,0.084170938915172,0.0652127691528229,0.0608855805813342,0.1036938374508835,0.0116406550744818,0.1220022094729613,0.0182095585926625,0.0186912172977406,0.0596632306145199,0.10865680336781,0.0121441341255355,0.0130152010419154,0.0148358173922101,0.0103280059272651,0.0470930691578756,0.028933994581686,0.0382236076060669,0.015901012900334,0.0077733722256348,0.0072935662037776,0.010529312906785,0.0378263092605178,0.0418951389705299,0.0400467267259238,0.0023782571239427,0.0017239226487571,0.0065371926544655,0.0157195990642348,0.1842110872764427,0.0069293028675525,0.0199083987929099,0.0012460807533374,0.1251674939790338
0.1326065288362836,0.0966626833635701,0.1378183777822731,0.0656063938528685,0.0906087194489431,0.0584700581399515,0.0300986538927895,0.1135156046635397,0.1035100251090836,0.073994631858515,0.0872926099377055,0.0600564821713313,0.0720683711779744,0.07348731392540787,0.0820479942107766,0.0029350452399774,0.0681396849915046,0.0653428197316306,0.0166212019322525,0.0937483576167167,0.1218479258306269,0.0149446971304364,0.0859480309876268,0.0539422485940996,0.1266779582429796,0.0007199900090327,0.0728677754712954,0.0017179308012871,0.14115528733759192,0.024653862562933,0.0695798290661623,0.0279145625306849,0.0449142698439281,0.1151408679408175,0.0367776389331304,0.0306513966516517,0.1358254567368696,0.0529981061218833,0.0328286970097297,0.0460109246411244,0.026698993524443,0.0450654534622459,0.025814355114371,0.0200744966263601,0.0178866231176805,0.012593464076156,0.0353485572508685,0.0036104327862655,0.00246923324777,0.0025003557707174,0.0146485637092857,0.0230011969530274,0.0333310016896612,0.0571444700545193,0.0146577194519481,0.0358945378002488,0.0167751751884716,0.0071041029846746,0.001841667962445,0.0308185424842295,0.0181475560035957,0.0303347338988152,0.022990600517518,0.087607784088763,0.00564224810795,0.0078449278389117,0.1559227245108126,0.001588903034221,0.1931780286680453,0.1632685934681756,0.15819429061229995,0.0774086225981905,0.1026015380228803,0.064288655650357,0.0714855969407522,0.0771307976763488,0.0567712905114344,0.0847417626787386,0.1216132882692522,0.0558861885744391,0.0849732953088076,0.0113821152616601,0.109664037135085,0.0180288532941009,0.0182309256543692,0.0519016247539649,0.1029134726536085,0.0121454474387276,0.0144231165286128,0.0144094524523088,0.0123915169873955,0.0456541456899722,0.0287911024100814,0.0380523064114931,0.0199658650672217,0.0076048569996182,0.0068149179085694,0.0109052120765721,0.0379539797612149,0.0459701040945419,0.0464557818829778,0.0026486816265467,0.0016904841834954,0.0058643597378661,0.0183396134944583,0.1848289471126158,0.0067909896495922,0.0200849549713424,0.0015277774498125,0.1280943720842465
0.256259293618737,0.0876769085912773,0.1342296177047029,0.0685988709597185,0.11191317045616167,0.061646998667456,0.0309853315801292,0.1122379105666217,0.110524100958894,0.0772693195350231,0.14967202703420585,0.0630078538894781,0.0645410938078983,0.0558992323217537,0.0679789145162532,0.0027820461653677,0.056104136137079,0.0646002534048023,0.0185567075405793,0.0880188473236159,0.19888155820932132,0.0139892153938122,0.0973615322565595,0.0441591643919541,0.1172493777204195,0.0006649315327163,0.09852385294507604,0.0016161115898702,0.1035268542543409,0.0271757912676555,0.0742338793127313,0.0377743607680676,0.0467348974962895,0.25841954588909904,0.0385138654037147,0.0300934465050556,0.1213230218624746,0.0573601456376919,0.0343777947265954,0.0318360112432604,0.06306439093847464,0.0412605949955182,0.0334797129527877,0.0209735337335324,0.0149182228965058,0.0127572275472984,0.0360098797078322,0.0029763770367883,0.0025933996599419,0.0027163038459432,0.0155510822411135,0.0196264951539514,0.035791589590317,0.05426817516714,0.0145578404173694,0.0492946698591235,0.0190260935717938,0.0071726785094293,0.002036377455498,0.0282295027658127,0.0169791495836685,0.0224780575297003,0.0234495871506808,0.1074108627039397,0.0058238931139227,0.0074909464248115,0.1555995407711274,0.0019338717751625,0.1804163759091243,0.22278661866181396,0.1380813587535643,0.0677728687456503,0.16365488096446168,0.09376440686504699,0.0767583742839284,0.08474677002296,0.0582450863349594,0.0929536296226869,0.0728995996667373,0.0586165931844707,0.11859270084319364,0.0106251620825359,0.19816770294187358,0.0183562814637003,0.0186308325029418,0.0586396228567584,0.1000239420972816,0.0149794313835986,0.0167573700409177,0.0144116703147765,0.013858366938776,0.0448634165201102,0.0303263581707108,0.0410895216705491,0.0159547231945497,0.0099923887649754,0.0066979828276057,0.0168032957863264,0.0440066642959236,0.0490580622467601,0.0524216348725907,0.0029032650687274,0.0021666273513051,0.0063095458296331,0.0198554016799465,0.20578065022899236,0.0066097709312254,0.0202612740024567,0.0013254250371398,0.1608551408624333
0.17649555958523677,0.0889110944030318,0.19432571212251934,0.12216593620847785,0.0910686887198694,0.0624766572171074,0.0321652556360577,0.15097090858999046,0.1190638203478877,0.1179177091220817,0.14942041252442834,0.0617131317609685,0.0595831307911478,0.0518786293663989,0.0773294511917886,0.0030558181315493,0.0910633586674037,0.17281673013437643,0.0199462717717344,0.1143058133419031,0.1306617969709914,0.0168418519555441,0.0849816398910995,0.0476387539617584,0.15581725674890082,0.0006623837842878,0.11912562347903535,0.0016272818866917,0.16700996607649515,0.0282649109238103,0.0657096440941892,0.0271412958899906,0.0492100554304836,0.5236986680945701,0.035565435516349,0.0367409694653039,0.1115691000664755,0.0715111765871295,0.0350139959961272,0.0361086967956662,0.030211706498214,0.0468842706650439,0.0258284381562031,0.0165482694976566,0.014731511155515,0.014221304866496,0.0333668255880808,0.0034059009672214,0.0030095997464557,0.0024146827895907,0.0159335067375653,0.0196287768995898,0.0314993888614622,0.0590204341410918,0.0142665265665148,0.0463539425666295,0.0165149460057386,0.0066967322296403,0.0019168334859876,0.0321235903188707,0.0145194437429653,0.0246603694564399,0.0307889357695242,0.1140835180817084,0.0060076908529523,0.0070158128268876,0.1644034817334371,0.0016661181681779,0.2078337032896937,0.4409199925509535,0.1247357923857293,0.0722565370156234,0.3139268251306026,0.0694657545362438,0.0817668621321569,0.11853103650811778,0.0530111642485618,0.0915270350539686,0.0677248773720294,0.1628181848446282,0.19511459697556777,0.0101014765404372,0.16427626119831684,0.0194221328225727,0.0176267669784499,0.0535570811843926,0.1019070664305324,0.0124796126842739,0.0134840132365405,0.0146772784647814,0.0115101111388673,0.049007108865181,0.0282544216824445,0.04050604632878607,0.0151288158962864,0.0099899869901266,0.0069117465050235,0.0142432275501669,0.0369196790437736,0.055146979483064,0.0390208831805685,0.0025382447937467,0.0016558625110013,0.0058826310925274,0.0181228633892003,0.1660844435208876,0.006593589920039,0.019415369518281,0.0012682351140617,0.1592930999242585
0.2925864798688572,0.1346372827618077,0.29028729085643185,0.0747033491310146,0.0770443777052846,0.14922661357938305,0.0312935506773758,0.17140606083425455,0.1023158976155086,0.13185656390283346,0.0791282188992948,0.0906293751768778,0.0639625498619937,0.0528897050286463,0.0614207968539079,0.0034377843252253,0.11080000543765892,0.21154865296847164,0.0171458309745905,0.0672267358867667,0.16382653403971875,0.018970589317178,0.0749444485111997,0.0506327769306775,0.2003490451648018,0.000656037518553,0.17549439309991482,0.0014755397066786,0.1014901866788477,0.0244733948353756,0.0573867687626993,0.0250810963319611,0.0401026110484018,0.2239660647198134,0.0381645167011794,0.0328812897161672,0.1651601970583666,0.0512348199792578,0.0339811324252749,0.0387681197405059,0.13236045822286358,0.0422246887269327,0.0238420320775826,0.0153815434920085,0.0197258919967282,0.0121441584562114,0.0270019881887236,0.0031376240496989,0.0024381001704324,0.0030699558166075,0.0158219115961264,0.0177928123038717,0.0304842438366627,0.0477521187439197,0.0135185331047249,0.0448508745088227,0.0168352811337451,0.0054454786237455,0.001697657026813,0.0380668430101553,0.0159283901392573,0.0226868547839343,0.0209202054468188,0.0818668385426865,0.0059256260594477,0.007791235393808,0.1532835350441071,0.0013890960942801,0.3255824255310657,0.34336724659889556,0.1206802870449735,0.0685556676304528,0.20498634788248465,0.18637346180370643,0.0711719494756105,0.0702297137271706,0.0482214139686931,0.0806520986137066,0.0656670446824253,0.09619097978442431,0.30721772935809827,0.0099945697823928,0.16955268799084847,0.0164881028537337,0.0170543025516016,0.0525015260218333,0.1246990905988946,0.0101719754820603,0.0156279553067304,0.0148680911150152,0.0122223561779555,0.0461812984698802,0.0286509938522094,0.08047616873264656,0.0181940498964091,0.0095673863272025,0.006309203191906,0.0120111071536688,0.0378326715778283,0.0478309174962616,0.0370938332918345,0.00193790380606,0.001603184067266,0.0058180010348157,0.0127527649649144,0.1660689453644619,0.0062799967590942,0.0203921793221273,0.001150941079704,0.1527378283224372
0.1310631895844109,0.0718995241048815,0.1356846275903284,0.0633345630251517,0.1262249619551269,0.0704093059976667,0.0368040626061699,0.0811561226971829,0.1237030357982492,0.09021483005499914,0.0754496004171194,0.0600365272518529,0.0660350335680916,0.0480633124897111,0.0658368177958464,0.0037496643286331,0.16672211122441594,0.19366866095314034,0.017346051720217,0.1672877847086377,0.0973907143110863,0.0147423620778193,0.0805199475449111,0.0428350104427372,0.16580175574910477,0.0005711793196869,0.0536151122001387,0.0011853814672963,0.0972777995580063,0.020881594312335,0.0581654402306848,0.0232905283312661,0.0322304490359368,0.2756125056362364,0.0519647049767218,0.0289743034246867,0.0953028738165772,0.0432733593362615,0.0321318204404941,0.035446636920416,0.0285586257462856,0.0320657247979855,0.0231910051239761,0.0149473916293506,0.0180198982296516,0.0113202543352856,0.0303513024983154,0.0026732056328428,0.0027567647959564,0.0022950893447547,0.0151739874171037,0.021280280374231,0.030822218802852,0.044313768145363,0.0124161732254398,0.040178370756594,0.0223085679240793,0.0058480721097975,0.0022148924451438,0.0346673597429268,0.0189863371651199,0.0191882773541039,0.0252657127974654,0.0708587611633475,0.0056364096349622,0.0068363116133545,0.1371234816155038,0.0011974310149574,0.292156164138116,0.22010894077411314,0.15862006495685596,0.0797659553129267,0.24172011873779664,0.1455071738221238,0.0726284583051526,0.11522164855813702,0.0572006451048672,0.0793496163779462,0.0608579491799733,0.0486106453183943,0.13904646607363863,0.0087839901384372,0.0943180121962297,0.0184987298155529,0.0151532690632041,0.0505430532974151,0.1208428542622164,0.0101540998302789,0.0134831570296434,0.0123463050112833,0.0127635592948132,0.0865520384547874,0.0298169568576529,0.0350006657886835,0.0163162416532905,0.0075757005700588,0.0064152303015163,0.0121954814200881,0.0349952901345953,0.0386517526585782,0.0415275711411448,0.0020722641603348,0.0015132808951254,0.0061352228519152,0.0130456652421051,0.1585740369169701,0.0056888304009359,0.0198457919008935,0.0010874330006934,0.1047736620896101
0.1398257527987235,0.0785840138710373,0.1726014397183703,0.0898807026622596,0.082056047023941,0.0838775274226123,0.0388224594669303,0.0957619199227363,0.1126370971687815,0.0908006332344816,0.1035326786111705,0.0960250288946617,0.0823387329542583,0.0632728412286682,0.0960100892767275,0.0042121694052614,0.12537454703539996,0.13567238810026477,0.0220999696080339,0.1318801379899019,0.1268946520171987,0.0187568429511668,0.0996016457840584,0.0568728687236768,0.2019147438934059,0.0007509912090759,0.0842295080937044,0.0014403250199673,0.128875732503652,0.0287906078708076,0.0684212106684414,0.0331223084081048,0.0440811791080163,0.1392206891161023,0.0424625574465724,0.0292825589586693,0.1230895174026011,0.0532046067761921,0.0434269128771967,0.0366208985234781,0.0361045279483805,0.0376785656567044,0.0360110351450716,0.0184875573178553,0.0160418387828457,0.0128525854145931,0.0396724167226999,0.0041201447086773,0.0034983111086492,0.003180464731206,0.019444202972574,0.0228068882981431,0.0395625930638511,0.0563638880608558,0.0153337089241873,0.0492955597750843,0.0215828625356549,0.0093022547325751,0.0024488992648576,0.044093477266867,0.0277461308358955,0.0267760728841075,0.0272401096970648,0.0868288831588517,0.0062550920686647,0.0087607768007188,0.1775162504101024,0.0014851511150164,0.2382046911271525,0.15689161801284138,0.1546324939604305,0.0832657633406994,0.2709176679508343,0.15412653927819442,0.11729983657293094,0.0975657043189819,0.0851517669718855,0.0798172456174804,0.0811021688348144,0.0697446608223025,0.1026751397844467,0.0118906496192286,0.1160810332963788,0.0261911545415475,0.0212592800803127,0.0635859846824106,0.1395986667535476,0.0129187700233445,0.0191622995407237,0.016403081376676,0.0152803488665653,0.0679003323708322,0.0359533405439495,0.042293137958739,0.0144861659806127,0.0097013830216718,0.0082836274096398,0.0129980352611405,0.0442473719675036,0.0455806433538676,0.0478411640694906,0.0024934110725131,0.0022426715656895,0.0080583477220626,0.0225633641960641,0.2131254811147468,0.0076820211299494,0.0307189964423729,0.0014213565210129,0.1179980066789681
0.1417545351530943,0.1023610545658489,0.2535967257112225,0.1692735064079736,0.2645459806146045,0.1172992932601361,0.0523110620450105,0.22017791865410616,0.1224667153534149,0.2379966060573096,0.18237859649492855,0.1330992438684576,0.1082608116365506,0.07481525962578,0.1328312333143369,0.0057227075131094,0.2297230297727566,0.278330462655931,0.0373623661923778,0.1585283190706113,0.3336312739507804,0.0286270536766777,0.1467720486642419,0.0990628922575541,0.2342285870801363,0.0011848077634318,0.1527871051104861,0.0016042632516851,0.1832456444274661,0.0481582442502552,0.1602640920086027,0.0421714824574012,0.0676724025731298,0.23904553057283634,0.0479970365318285,0.0456897268079572,0.16765415039347,0.0872069471533825,0.0600128123922988,0.0551504416167841,0.044556747895791,0.0541754850468572,0.0414390020009286,0.0322015006552969,0.0197690210526375,0.014898072405561,0.0655404537614169,0.0045499530567277,0.0045607651556573,0.0044568558820403,0.0299029061878222,0.0248611799238857,0.0559318065887433,0.0934812648112307,0.024632431339215,0.0816718148242739,0.0265252463208526,0.011561946390911,0.0038306758697231,0.0553255636965377,0.0320911027433742,0.0390108307422284,0.0265435682676211,0.2293624474679742,0.0084811485182287,0.0088053585368117,0.2906574190745413,0.0026833016432378,0.3747856877778387,0.1938245046913508,0.2161126055595286,0.0864577240901452,0.17976645290849622,0.16523766842003285,0.0823896699742409,0.1537290978367212,0.0948525619271995,0.1372282639943749,0.1275186477094562,0.1470890503223631,0.171765985818773,0.012293913546682,0.2114656988176516,0.0284888154666644,0.0220146596831722,0.0760254650878935,0.2636297397939209,0.0169987963401455,0.0324578694229246,0.0219089631916201,0.0218907185534171,0.0900811905687745,0.0508085591633597,0.0661260928427511,0.0169783414761718,0.0105553536184795,0.0079159310917052,0.0183563860898446,0.0552378509668802,0.0920470491499482,0.0520331357800273,0.0038074023929766,0.0023072335255409,0.013008167846293,0.0308577852280409,0.2762742692871003,0.0131149247395942,0.0286373172828286,0.0019502612720839,0.2466465759224173
0.21353875446021875,0.1130874003583737,0.37897213989321965,0.1717730019168259,0.17208512028689493,0.1215281353821456,0.0854721867310581,0.11610903259821795,0.1746593960610983,0.2972106846893295,0.1162076635725585,0.1324591904058212,0.1221713801952301,0.0911717200172567,0.1691090396877353,0.0062313816018304,0.2949211968083517,0.28119507489910567,0.0435597627583885,0.1524450183037979,0.3195114725575051,0.0300006305931174,0.1554592235792338,0.1003244261185322,0.25483997709889383,0.0011821829972153,0.12094269181069392,0.0022901542478797,0.24440372987441114,0.0382377546464907,0.0862879054084678,0.0643575418180851,0.084520241687255,0.33260717445672083,0.0619513223371541,0.0580869021848545,0.23122687550974608,0.0711856512501288,0.0726639088396439,0.0725807538484186,0.0664040397273273,0.0532496197988554,0.0590369479766789,0.0358145581565319,0.0240873516820407,0.0193691112630361,0.0665458516954823,0.0051006744443346,0.0039644163886266,0.005156672412157,0.0320068148830317,0.0365953570986381,0.0554055254741237,0.1077655485378747,0.02063734847732,0.0666093197506076,0.027557196427162,0.0092628205486123,0.0056310691241022,0.049186701221713,0.0434754634583631,0.0357887465514031,0.0387155151114279,0.1447540686631271,0.009319474958076,0.0100089439352003,0.2916919536192709,0.0029314769156194,0.28620736221315923,0.4192729588619646,0.289166005477367,0.23505134576107153,0.2604285939698328,0.2466964916385547,0.12293993474151,0.113832035919223,0.1379572131688588,0.1634159662484909,0.1585673754720921,0.10901589317719843,0.2566038604494604,0.0147451933894391,0.3747277307734927,0.028038067418567,0.0331646136455779,0.1015898429472468,0.17150272554896323,0.0293729061979871,0.0871084449874833,0.018177753740875,0.0206064758843853,0.1178884997089214,0.045541590832865,0.0638565774109563,0.0340162817505764,0.022557581090037,0.0122346330185469,0.0273330994230981,0.0724750651789354,0.0841955104426236,0.0997563128252718,0.0050653797237833,0.0028420020395233,0.0100208985472151,0.0264898269665266,0.3563253468573747,0.0137109540080292,0.0381552249005445,0.0029449953338,0.2573407883334743
0.3155509831825573,0.24858392314737782,0.3285666056436557,0.1358081117311207,0.22873908967169077,0.1836639222948729,0.057596800449687,0.194078601718673,0.3066201951772279,0.1318316874601509,0.2232187518789178,0.1165007326441434,0.1605500823707197,0.1105644115819925,0.1450342927269796,0.0047703609110197,0.20289218999559883,0.19508813913294298,0.0368089366975619,0.23569712821521335,0.3634652024148697,0.0358357433664595,0.1631804384374381,0.0972226444144355,0.2646891204804993,0.0010975866588285,0.1352321844297128,0.002609337873322,0.17553345385299457,0.0502967560252696,0.0974949415031118,0.0512422754577348,0.1015518085997894,0.34094989240389745,0.09336393793659156,0.0636635423680121,0.291819417796477,0.0980852295384902,0.0607154205045031,0.0824020542275531,0.113328719854287,0.0638718229973925,0.0383170286680413,0.0413927240887449,0.0346114742450512,0.0243368309866277,0.0746668378100017,0.0056669321442868,0.0062601984651078,0.0057462730770377,0.0364051885619914,0.0446341871661925,0.0655886990041438,0.1098976315401441,0.0278521953430674,0.086443766685123,0.0351412857742957,0.0093210163707601,0.02010138679908715,0.0734936909007993,0.0327252889169241,0.0524189856697162,0.0481153483580372,0.1934380297149059,0.0085983093839953,0.0187020180449588,0.2771001644502661,0.0029771186714808,0.3861785806174384,0.3709064879028856,0.3086202215508901,0.15622320811298232,0.2668351424305003,0.20206938319870155,0.1682976658056723,0.1554238655214274,0.1179167601633474,0.1315214208793034,0.1237422114984941,0.1059598879074873,0.23837011953937454,0.021106509121512,0.1784193889355278,0.0398202452381455,0.0326736635129091,0.0975202598977101,0.3691482186624921,0.0217676554262047,0.030009611340694263,0.0262384601625173,0.0230575658501645,0.0821405276104822,0.069982461701707,0.19025962560316861,0.0337762806020046,0.0212449273523446,0.0144695868058069,0.0248026151947063,0.0764559671201063,0.1307992831883869,0.057430720356498,0.0047165243709056,0.0029920635828593,0.0122414188708933,0.0321620884930142,0.4949532564544069,0.0148112627687041,0.0358205095524341,0.001855807289792,0.2934088124513196
0.6474690452402141,0.15996204598438474,0.3382065541426999,0.18401790547437774,0.14418856544739692,0.1126790544083925,0.0496930256609338,0.22089656125642548,0.187882533039868,0.1246533328768628,0.25559323320284677,0.1073770304402793,0.1350924248416654,0.0921036854345543,0.1185473829796829,0.0051409708741694,0.3917908114781737,0.18112948482511665,0.0308081896210705,0.3007572582172522,0.38857616448816723,0.08731281608682993,0.1227730490739868,0.0808263570602009,0.27691084761864954,0.0009986834961348,0.17399809288689977,0.0021187140969736,0.23628074839280727,0.0447692389466626,0.1121886199277248,0.0437328895771032,0.0764316253622893,0.554296675171102,0.0708304494390256,0.0562142879663473,0.25714122334652745,0.0896189895182947,0.0582247686254598,0.0594572875067336,0.11268179084480423,0.0573051099268881,0.0433832983901105,0.0324288591307414,0.0234182636029455,0.0209592188845501,0.0660966979375242,0.0055006722708712,0.0051187106274949,0.0042589743000126,0.0274912704053092,0.0323146821892731,0.0582085621371518,0.0867417920068953,0.0278181956402588,0.0704386281299696,0.0341828422830256,0.0111134042631931,0.0037519560656799,0.0611157396250303,0.028580346012408,0.0404049874085197,0.0431281768067267,0.1501734788117061,0.0095623423875018,0.0124541772496228,0.2335405415844893,0.0027866464694115,0.3403962230775419,0.32973400491194527,0.3030869236281318,0.1612141239827491,0.2180852982978791,0.18393404158988147,0.1238270320785417,0.18245590737649636,0.0946899171694947,0.1208008113848916,0.1107467005978814,0.15917830143568762,0.220585843184759,0.0176152519726083,0.188321944082341,0.0286592619191811,0.0287495840347883,0.1017673285294565,0.23417259664539522,0.0238002994383607,0.0231730839944248,0.021702778460145,0.0200426297431997,0.0790551001272224,0.053028583902198,0.061383490606837746,0.0269767536377668,0.0155268599897311,0.0121047955983331,0.0204301409092168,0.0728548955223714,0.0774769946869408,0.0639315908706018,0.004022545114939,0.0031667872804207,0.0100585427211806,0.0261325744313646,0.3611773866137626,0.011750813855056,0.036584953932793,0.0017883564855678,0.2153636662354378
0.45707892177426696,0.3262483295218869,0.39668950615938625,0.23175939797202955,0.1798186918688208,0.14993997707548695,0.0449523310982484,0.13898044224624054,0.1554220892044238,0.16526974476951029,0.28597172937479587,0.0900354228676975,0.0946739932359189,0.0801149784404057,0.0889306719822744,0.0048348841428086,0.2975372559748959,0.47940163326818624,0.0296936121101746,0.12711287123212028,0.34284117304010675,0.024436995986657273,0.16445843632495344,0.0641433218852393,0.2467066412701967,0.0008938807708769,0.2755004896986899,0.001793289013852,0.27149795418749734,0.0373899258854575,0.0883794113781467,0.0383367993982483,0.0734115996759377,0.8258373340746277,0.0680678968390691,0.0442543166017571,0.1738303238913974,0.0824121166829184,0.0466917183358474,0.0568062013109373,0.2261920372354257,0.0570606111773606,0.0371414432652019,0.0250566177513398,0.0209644282815181,0.0175838844385384,0.0580528437525696,0.0037445890211278,0.0055066729969549,0.003616390310392,0.0219077415651758,0.0252933905845339,0.052220589300564,0.0709464678038723,0.0217565119048753,0.0603262905883045,0.022288368385094,0.0105872532293721,0.0030101376769906,0.11008755731756067,0.0245969612584148,0.0352606363087606,0.0299364897602051,0.1312087268104667,0.0079767892567177,0.010070167899753,0.2374629351221702,0.0023037489292281,0.3333311460654662,0.4287518934002382,0.30981633934586855,0.1228292768404084,0.32470459556561626,0.23064440043268483,0.1037675042828908,0.22128589022273634,0.0741970222850288,0.1183524980602128,0.1002152306011139,0.09039789765730993,0.43421398531889327,0.0145531369743354,0.2000591895561191,0.0278346003053433,0.0240555207410007,0.15416414276459514,0.22101800410810754,0.0169979207980174,0.0792589486200774,0.0185472190367787,0.0177817411817744,0.0709617212348366,0.0460407855622368,0.0515231167979481,0.0210855730280303,0.0117466897986949,0.0097406963144152,0.0159857396285387,0.055562965381446,0.0662536061313873,0.0538975452849797,0.0039007167995768,0.002552198577669,0.0078991212891537,0.0216650651768371,0.2863945654331139,0.0099537748520734,0.0282705689551646,0.0016635524984222,0.1851306912509141
0.35769695359513126,0.1262873757125547,0.18826105647319633,0.10038467599647764,0.1105222648588169,0.07337151868580645,0.0374687056831708,0.22478858591332332,0.1362370212397846,0.099829989444915,0.15611416065067918,0.0793513242152095,0.0769422074230915,0.0673134720941368,0.0774789091185959,0.0040563534185554,0.2571115297406191,0.3607744634876122,0.024546510445129,0.1504169145528927,0.34314417391069285,0.0188881210018933,0.1588438490902437,0.0588250499745224,0.21514343421709636,0.0007946048420891,0.22009798493276045,0.0016014033079853,0.14172744211671318,0.0343515391958992,0.0788343933988539,0.0320321944210111,0.0586585445383626,0.42690896146028867,0.0444930324643838,0.0400938206539257,0.19566672613073133,0.0674112781797073,0.042232380266743,0.0448096194375069,0.09692761438675108,0.0409163342144109,0.0331295890117926,0.0213756954589418,0.0180388858643286,0.0156376273301774,0.0486684589888609,0.0034925061316906,0.0036553764497604,0.0029584944915808,0.0172801099762506,0.0231144435918135,0.0482279295615989,0.057179006376087,0.0189427813033866,0.0477333123058837,0.0198020514718403,0.009146819771779,0.0025563912198539,0.04521075302256387,0.0215053036623589,0.0272988816339668,0.0273621412704967,0.1156275246934536,0.0066376914437876,0.0086696292185706,0.1675512740290844,0.0017431628910985,0.19857842619229707,0.471013164136764,0.2908737623458584,0.21799362253122267,0.199712583935158,0.08424797371100984,0.0983892803670275,0.15408127219442252,0.0649018054649238,0.0987050973967995,0.13830229357051116,0.067264339782993,0.24605779776102546,0.0141705998673193,0.2115339313811184,0.0229522444918119,0.0208728381087963,0.07401978100057947,0.14443760747844117,0.0142542636160255,0.0835972844778064,0.0167974020278206,0.0157798191478157,0.0666633333046747,0.0391875285526825,0.043433643280507,0.0194917512740953,0.0093681507252133,0.0086125760084386,0.0137363034739396,0.0465161743204228,0.0597993945622235,0.0434807926970752,0.0030506643758484,0.0020970856323193,0.0070729904111046,0.0199300893005617,0.2266305746241438,0.0081771342514906,0.0243434093650468,0.0013614728105217,0.1656675364474089
0.10820347023821875,0.0539131110268486,0.083791918072744,0.105198173701453,0.0450033364464428,0.09544651822924659,0.0181297832734672,0.06398682458895776,0.0608241530224313,0.10802291920360887,0.06273998181221929,0.0406016094986951,0.0380308172878746,0.0319274929079887,0.0386254578296017,0.0018847090730816,0.04600956897633426,0.05193419384471703,0.0116937901187086,0.16219392120106474,0.1417695635220336,0.0098213050966792,0.05209617374260696,0.0288331587125348,0.08362078198339817,0.0003780187072742,0.045121319356980896,0.0009006823301739,0.12069100220881686,0.0161321518304409,0.04033350404259,0.0170858893836244,0.0296611306050579,0.20988702040267165,0.0217240935978377,0.0187736394796026,0.2120644929696871,0.0295579874061225,0.0207539170898636,0.0207231247684288,0.08791472409046672,0.0211323785419393,0.0161426518410764,0.0119522007789719,0.0086521226184719,0.006971753374159,0.0218303482041111,0.0017788011069256,0.0017392842847855,0.001456572551367,0.0089939452382723,0.0129125186591313,0.0201027997939865,0.0327181217712082,0.0084254875537463,0.0246317614002475,0.0098703815572643,0.0048476251254723,0.0012816685424582,0.0215697160665765,0.010092381253892,0.0140141563333308,0.015101296274408,0.0573208475211902,0.0032895391968684,0.0041456965362408,0.0812421537575996,0.0008899811038186,0.1130284295652414,0.20985126599469214,0.09492732532526986,0.05724260361842544,0.12300728291046603,0.09801527055650047,0.0461178438051494,0.052506125889891134,0.0353156213620798,0.0451039092855339,0.044314740779673935,0.0335691605543419,0.24905447525911958,0.006343255520113,0.07132262645226363,0.07004642769991154,0.0103834917299691,0.0344841578190906,0.12734205962671827,0.007385197850261,0.07212145103845512,0.0080184905567409,0.007783557030411,0.0308933022379775,0.0192611224353007,0.0233857686076509,0.0098367459604009,0.005037527251978,0.0043919237196204,0.006975236030489,0.020162183556929,0.0279964018782865,0.0207725809669253,0.0016024957533639,0.0010444015908464,0.0032476684990213,0.0092966586981695,0.1048594931661837,0.0039785921946633,0.0118242838612962,0.0007746761190467,0.0811505210151274
0.0754144499507708,0.0452179439602306,0.0738130083122001,0.04087294121632036,0.0404611398960458,0.03350001601714384,0.0168978198557405,0.0565655218965964,0.0583300807924405,0.04167421623942019,0.045366563580566,0.0370977604020486,0.0323826010055099,0.0289326527489648,0.036196065308871,0.0016123544211622,0.0369135972510729,0.0349496440864196,0.0103962721336729,0.04983677371542958,0.0626126485838906,0.008817205411393,0.0408000665663666,0.025025857347614,0.0682824695904152,0.0002983422651876,0.0363012203221431,0.0007637092819116,0.11408948593860696,0.0143950729613497,0.0380913776812074,0.015274740141542,0.0257594985610272,0.07496139585064437,0.0203582499139728,0.0165456539369558,0.13037893552859944,0.0267263471839134,0.0182435012695487,0.0184831826352111,0.018463188066276233,0.0191817037359262,0.0132715239760704,0.0103932528405595,0.007885564681368,0.0067871873109476,0.0198682907726327,0.0016161142298274,0.0015778281775296,0.0013627381454947,0.007500161045228,0.0113381141686901,0.0185091115809749,0.0277262479644325,0.0073905774313033,0.0205041086950243,0.0089934259622911,0.0039096300756609,0.001157531541456,0.0203735274979098,0.0086073674902762,0.012262216872024,0.0139769787111884,0.0473638619280599,0.0028852494053383,0.0039796386800037,0.0768683427175701,0.0008259349560479,0.087500431228116,0.0878918289901803,0.0744587160310481,0.0428291967468672,0.057638676292058516,0.03830148608974313,0.0413794786665279,0.0388098445482644,0.0302040274303119,0.0402602744187876,0.037290780854996,0.0291669733244054,0.13298375209781785,0.0054715775717269,0.0558178648225065,0.014259291969090516,0.0096437520996904,0.0296029816072681,0.062246976932369275,0.0066667425723365,0.016328792380688226,0.0072196012002909,0.0066204719592442,0.0262694031223681,0.0168300997755347,0.0205354068884655,0.008244440942349,0.0049219069278631,0.0037391955980002,0.0063623142771415,0.0190339326205363,0.0244029842278842,0.0196148064762766,0.0013877613787369,0.0009776789917011,0.0029512125300386,0.008629832800797,0.0982211161638215,0.0038596015139973,0.0108803189610266,0.0007212411723624,0.0710580529175789
0.074612226908173,0.0447146339655699,0.0724840728526314,0.038729264794725,0.0406169972523101,0.0328645106245628,0.0169832739656407,0.0565805535918543,0.059329986764346,0.0410882988051485,0.0455200883304156,0.0369079930305384,0.0322622721395262,0.0292988297055463,0.0361820411066237,0.0016171910060821,0.036266973309154,0.0348040724245832,0.0102935121192316,0.0407778064153209,0.0596049695295739,0.0088274660041086,0.0399354008484211,0.0251080462134274,0.0682743497762957,0.0002966293895816,0.036307178439516,0.0007596410337307,0.05704681344164275,0.0142263079191971,0.0381005667236721,0.0154530532496958,0.0255381639788811,0.0649865740523108,0.0202610815902964,0.0165872379136935,0.06362971130068702,0.0270343773265907,0.0181263010978082,0.0185476399387904,0.0146328754702266,0.0191279385426773,0.0132430790202907,0.0103776005234058,0.0079862895624642,0.0068909725056864,0.0198396737089101,0.0016183184663615,0.001590523218774,0.0013677199846572,0.0073737248159122,0.011344599129978,0.0186898936176429,0.0271143743734716,0.0073948961002513,0.0206771973494017,0.0089832769256302,0.0039247870472501,0.0011584576567976,0.0203924778536887,0.0085927951976854,0.0123293691139456,0.0139036118500706,0.0474174511609761,0.0028990138500358,0.0039869272472123,0.0767990271701845,0.0008198758969831,0.0881029892240877,0.0880870863116929,0.0746125767530447,0.0430923637235502,0.0539116709390047,0.0345258884799453,0.0408387845384939,0.038761206979876,0.0302508911740574,0.0401882241880442,0.036892452528519,0.0293724456331627,0.0634772348084588,0.005423821038088,0.0559056853364037,0.0098720020586156,0.0095499122642056,0.029733030133869,0.0621464113675049,0.0066748413370212,0.0069809661795352,0.0071643075946319,0.0064832203963954,0.0264017569319159,0.016871853981523,0.0203627533160398,0.0082215114645858,0.0050286462705605,0.0037290202515885,0.0064093542515777,0.0190759239147855,0.0244866763138945,0.019624030916354,0.0013759474678968,0.0009862495275667,0.0029535450433996,0.0086030193599756,0.097739640104195,0.0038276698376667,0.0108152220221687,0.0007096089085334,0.0702287058326398
0.0736290336284267,0.0446259653005227,0.0728416801869186,0.0381671081589978,0.0413896315854983,0.0331720627788908,0.0168963591017251,0.0564239734329182,0.0587707627278148,0.040786671463079,0.0457062485809818,0.037170928440136,0.0324298361190909,0.0294156591812104,0.0360894813717913,0.0016335964186677,0.0364023512501883,0.0352626608722334,0.0103216213608501,0.0409278670425255,0.0598342168859599,0.0088105887674922,0.0398069510059746,0.025325390103023,0.0689815117696108,0.0002959454716237,0.0356351027998462,0.0007624575132406,0.0531361955104198,0.0142889788791936,0.0379151877800368,0.0154957722969451,0.0256409367161163,0.0638865928789594,0.0202132976381826,0.0166992094473865,0.0616799669324621,0.0269532110971888,0.0181484367120324,0.0183660614779187,0.0146783669680539,0.0189100157441854,0.0133119604328162,0.0104968780351465,0.008051661276138,0.0068498987746303,0.0197439854020878,0.0016417295914859,0.0015725942570165,0.0013583131001209,0.0072990274067639,0.0113833888058294,0.0188243108575052,0.0272739138412446,0.0073942679302225,0.0206416007109693,0.0090278144457345,0.0039606599943352,0.0011660793357583,0.0204813339663409,0.008526151246237,0.0122560997649664,0.0137832073642844,0.0474025947399696,0.0029148331762877,0.0039743747147974,0.0772781708914873,0.0008216841474228,0.0885234658318686,0.0880461752538521,0.0749021969356266,0.0436861649323987,0.0543195297623051,0.0350084657887784,0.0401405936146591,0.0383117287616659,0.0301823184901945,0.0400882835454002,0.0369444597877623,0.029176090954588,0.0534258124408056,0.0054680624969159,0.0565753167548698,0.0098747804960861,0.0096116435467099,0.0297517467952656,0.0616647126624428,0.0066438325533187,0.0070330391262734,0.0070983070667153,0.0064849621674975,0.0264354109988735,0.0170986257136019,0.0204267658676963,0.0082675488596278,0.0049682667679672,0.0037328054804536,0.006486959693755,0.0187580201265049,0.0247207088948353,0.0194689316099358,0.001366189374676,0.0009835744503457,0.0029078342607273,0.0086238850921057,0.0985434778174771,0.0038315429520465,0.0109243097885609,0.0007079028431718,0.071205371149772
0.2265775723340835,0.0451595148977139,0.24507616438354685,0.0379306871439724,0.16362851642611448,0.0329981493582887,0.0169124273958944,0.0567289915825256,0.0587875059624415,0.0412067026614909,0.2209660150259023,0.0369361646815667,0.0326618743047844,0.0294273421287768,0.035660340783023,0.0016265984294978,0.13479729980397076,0.21905279293692592,0.0104756461807021,0.0401227258869288,0.18634993988157442,0.06709168107241023,0.10100593831532154,0.0252505069141708,0.13143623201269763,0.0002971377069826,0.06881111881395155,0.0007567984757069,0.10561053329362834,0.0143402551191907,0.0377769526194811,0.015387850493368,0.0255324224851808,0.3492760323131738,0.02034864739728,0.016515896595804,0.24247186830943868,0.0266457545674401,0.0182606958984549,0.0184016451628599,0.12371009733862683,0.0191297784162105,0.0131804722303636,0.0107274355243159,0.0079356558699922,0.0068423065877437,0.0200563138241223,0.0016531596244813,0.0015566220497365,0.0013487889958397,0.0073421567560636,0.0113782248551743,0.0186207531311782,0.0274582094333272,0.0074103647872104,0.0202929761333223,0.0090058412886919,0.0039803770863166,0.0011585828075195,0.020235611019741,0.0085400434985069,0.0123522063136274,0.01385568672305,0.0470704476131818,0.0029098101324881,0.0039297119946244,0.0758017497321746,0.0008291917002952,0.31502286185181805,0.3372514731413864,0.17730582401272132,0.0433331905494112,0.45777143583112784,0.0345151821633155,0.0408383358296739,0.09682150173044807,0.0303101600264414,0.0408241255793791,0.09511262873528306,0.08908326311065462,0.19115821036934272,0.0054431539495484,0.0560002143617792,0.0098266921552507,0.0097094192693343,0.0297543284037341,0.0617897690570262,0.0066495965389952,0.0069245343613212,0.0072135594370169,0.0065203549562931,0.0262354662481251,0.0170435101616973,0.0205568195377873,0.008228916704486,0.0048580644010693,0.0037188856065624,0.0064933391835817,0.0188017080387035,0.0248636722758014,0.019434393590111,0.0013729200652381,0.0009717012229882,0.0028881050852153,0.0086916499698179,0.15699434175667237,0.0037788685964822,0.0109271555563798,0.0007138291754805,0.0712287549961519
0.08688023970636091,0.0456443736094747,0.08312281778319362,0.0379306871439724,0.04788791667762164,0.0327575996375821,0.0171910662243294,0.0560225019054062,0.0591652333356195,0.0414534493840148,0.05342370968635805,0.036728007482302,0.0327115228913221,0.0293632528164125,0.0357112286026061,0.0016144272432708,0.0512312083124009,0.042869151560927986,0.0105702268666396,0.0400428069126668,0.07051041479688494,0.010434163731483974,0.045169366141684916,0.0251962361710304,0.07519330852420306,0.0002978062213829,0.0353951892736284,0.0007530344768557,0.0535190322104035,0.0144631333159405,0.037850864482784,0.0154395630242487,0.0258025597637794,0.08548520837386106,0.0206227763857223,0.0165395498669759,0.06695094573600222,0.0267644924436677,0.0182571383890261,0.0184142519540963,0.018453320425203434,0.0194051461550179,0.0130659952269558,0.0105188141292598,0.0079656744162435,0.0068893022245713,0.0195917336802513,0.0016083282975537,0.0015555879924922,0.0013682914309141,0.0074451424266347,0.0112626964707499,0.0186860298845757,0.0275502044137864,0.0073148829428333,0.0206211326438707,0.0088381358479453,0.0039448081472576,0.0011569183029189,0.0202507713043641,0.0086193167702006,0.012500512175847,0.013761315639596,0.0469728197037106,0.0028917402216767,0.0039589067554991,0.0759421137156304,0.0008194120002735,0.09784405484751339,0.09977875960946328,0.0776042072427839,0.0432666168999617,0.06896893415993383,0.0345591970205714,0.0408580790177515,0.0410075139014276,0.0304690143342845,0.0410597995599395,0.04201460154132264,0.03761854156758293,0.0688083644907557,0.0054038820792464,0.0561410931028226,0.0098434696430532,0.0096960579682553,0.0296849476761431,0.0625295206398001,0.0065734243738532,0.007034206681133,0.0072475921541929,0.0065521248611961,0.026158825473793,0.0169852398475625,0.0202385599499738,0.008214463103717,0.0048277908669291,0.0037472544723583,0.0064020634060615,0.0190525954179803,0.0248835141685333,0.0194592781261338,0.0013898594391841,0.0009728844302205,0.0028881050852153,0.0086475784234497,0.0987025922234481,0.0038452279561882,0.010950751714545,0.000716955601478,0.0715678207686599
0.075123017361077,0.046071828329991,0.0728504023170232,0.0382844430331216,0.0419223026110234,0.0329626344071341,0.0172076823012544,0.0553993128728408,0.0590145442239793,0.0406090656785653,0.0449386248317337,0.0368328686277962,0.0328249561202867,0.0294009720471269,0.0361684175958692,0.0017210978579332,0.0365618600024643,0.0355417360788627,0.0103338327527007,0.0411314903865228,0.0602335933692914,0.0088958379910831,0.0403099743822669,0.0252131957782618,0.0686345742572328,0.0002953786207037,0.0360478017298799,0.0007689858345736,0.0542237594278388,0.0144106252143218,0.0403139273869044,0.0155343405055953,0.0257236142254004,0.0638145915189409,0.0207091990359568,0.0168518111968828,0.0613338338606884,0.0270340905201264,0.0181486343514451,0.0188863966194314,0.0149233855133366,0.0195122676807306,0.0130943007466779,0.0102945404170499,0.0082695669883838,0.0067689660624199,0.019684291995729,0.0016050219427525,0.0015642422561978,0.0014252016171114,0.0074393207844288,0.0114417534574202,0.0189038224169396,0.0277256367021039,0.0076462426330237,0.0206157931481058,0.0088375446419262,0.003939336002787,0.0011588080788188,0.0202933043251124,0.0086191224729661,0.0127566150579933,0.013877282613621,0.0478891425279319,0.0029441233927293,0.0039330728339484,0.0769107984903438,0.0008910225045954,0.0898759363493067,0.0873385999125614,0.0749170070585995,0.0443094551403321,0.0543167776784772,0.0347146368768266,0.0403990498949476,0.0396530354967908,0.0307022992939587,0.0417263804043651,0.0372777790401852,0.029371794373864,0.0534281502438266,0.0054066092924618,0.0563588147935261,0.0099715983556347,0.0096657102068899,0.0304987997458387,0.062487835174939,0.0065628449064723,0.0070099215400533,0.007197804965695,0.007010489344436,0.0278146621295663,0.016829728627037,0.0209807899943575,0.0083063594542853,0.0048583995324435,0.0038078588355866,0.0064156636371206,0.0192498272546054,0.0247675154110235,0.0195221330317777,0.001387057331607,0.0009840991770314,0.0029328439873205,0.0094509091104584,0.0982862084208097,0.003805334878077,0.010992489642556,0.0007248002369445,0.0711172919950745
0.0956415952015831,0.0610665709000457,0.0883504204337585,0.0539508378121137,0.0505229676975581,0.0499230373177704,0.0265614380445308,0.0645110254816466,0.082420916502698,0.0609689112682561,0.0629299788253397,0.0506663231014911,0.0453329521092764,0.0399456667220672,0.0579303732602934,0.0025470731771152,0.045688214613456,0.0532139849743297,0.0140034712056286,0.0524680819057699,0.0730248076125706,0.0126976273257079,0.0540584179214443,0.0383795911645444,0.0901661068073428,0.0004697438121223,0.0413930274290743,0.001015410406011,0.0634041479908188,0.0171276500033577,0.0577990771028537,0.0189433896567302,0.0447684359039408,0.0767741234375122,0.0323298446536009,0.0230377138649046,0.0729894594279756,0.031800527150623,0.0239582448882233,0.0268162716424303,0.0238082764345674,0.0254558769146464,0.018058782146594,0.0150938607577526,0.0111430290361735,0.0099939752080784,0.027337120833412,0.0020624543518836,0.0021843584312727,0.0017801137000345,0.0106157235648848,0.0176692377637753,0.0259703868423769,0.038009819750178,0.0108298083389667,0.0302878447681606,0.010729798040338,0.0046228763347151,0.0014161555081575,0.0279690406536069,0.0131683007739499,0.0168238115727591,0.0177586262340501,0.0605436297066679,0.0035792774960343,0.0049897126190026,0.0993031860732522,0.0011087888742956,0.1117425970816258,0.1188745169303757,0.1008643425071844,0.0586120664995857,0.0815591050744679,0.044000978697337,0.0501678896139749,0.058051453607851,0.0402132271698334,0.0481434993425065,0.0548172272199868,0.040009463759733,0.0666209571425522,0.0083155155127662,0.0710242307496781,0.013681667282578,0.0129666766052352,0.0444785323038424,0.0808618617420657,0.0095047394186278,0.0093865183752663,0.010817662424961,0.0100299540562664,0.0377960624590046,0.0238791376176121,0.0308218182263163,0.0110539711165214,0.0074608622191505,0.0056377931342738,0.007108504274011,0.0274099233597906,0.0359156065274917,0.0234094836978969,0.0019483377845255,0.0013482903631448,0.0041416042446346,0.0130697485871337,0.1559321178515942,0.0043822137476345,0.0150354956976358,0.0011037508220227,0.0952782615362941
0.1503470960234189,0.0904963671255222,0.1221827701884577,0.0771091518672458,0.0715565831702354,0.0653130935737488,0.0332285019650073,0.1250067093675375,0.114333521701157,0.0823866132095029,0.0926921765140037,0.0727532887806199,0.0626837539767971,0.0627057175739445,0.0677745618549349,0.0035924487440932,0.0762312776967058,0.0674125018045782,0.0215301814562106,0.0877242523812566,0.117257066879963,0.0168229609577405,0.0864411404499048,0.0491716415384381,0.1212568750708445,0.0005265059219102,0.080241938739895,0.0015270795431416,0.1215000609962369,0.0329847887267871,0.0843054693776089,0.0350664574369673,0.059144561980092,0.1444297380037749,0.0446494163076653,0.0365986683338985,0.1268969811921122,0.0571926506625303,0.0385681455549938,0.0366648189574627,0.0285281865822982,0.0414145310811321,0.0292440638266993,0.0213135431922877,0.0159321625882588,0.0131684203890726,0.0440637945792518,0.0039865217568474,0.0031456498626497,0.002642880328169,0.0172697786112092,0.0212519386915655,0.0386076409331503,0.0542125502952344,0.0149001930830638,0.0442599703108454,0.023416882141187,0.0082765316523619,0.0023553365852031,0.0412313418657252,0.0200838250944388,0.0241458527850366,0.0279354677900387,0.093228286507394,0.0059228862173752,0.0084285801041645,0.1547712199798699,0.0015678194021316,0.1705708410528264,0.1821276613359803,0.1593832522963048,0.0771923699382336,0.1171969393959657,0.0783666689580807,0.0815353283810652,0.0808209635331273,0.0670795912036843,0.0806381534077563,0.0727861292829338,0.0599643743032448,0.1096452994918051,0.0097039094583672,0.1323930838881033,0.0201675021055219,0.0207074272729583,0.0585147375470945,0.1041190427643545,0.0114591683340096,0.0125845289727039,0.0145035204121436,0.013103204659731,0.0506205244281505,0.0324372652512328,0.0441605463759025,0.0181902134468223,0.0089384005929719,0.0066793415929794,0.0125080764215951,0.0331627306719318,0.0472102223902881,0.0433879047307141,0.0025957936061468,0.001957004184769,0.0058718108222138,0.0197309873145352,0.1974795755977399,0.0077281111910681,0.0185961441074077,0.0013424530387872,0.1244620812799079
0.1401375543328582,0.0725483942201977,0.154336506358487,0.0628660991620457,0.0822803295610042,0.0574437858916404,0.0280840915113194,0.1066836991688427,0.0979713630945767,0.0767594051171979,0.0795529400635495,0.0638576986954989,0.0666004758036598,0.058173067716679,0.0623776481386688,0.0029691316479845,0.0599094423708635,0.0589418150260659,0.0157649068791787,0.0764935109928139,0.11576268941355,0.0172273433828051,0.0660508055608659,0.0483758445837363,0.1255795688420895,0.000512864531292,0.0644449835450549,0.0012900258510611,0.1079948603155115,0.0247701195034669,0.0663572718261566,0.0262426393332813,0.0473311516170644,0.1119307478995982,0.0333262200761458,0.0303126207677698,0.1063987373068553,0.0448198197918628,0.031746028306873,0.0294183540206789,0.0281451883101497,0.031798738705274,0.0254112454714332,0.0177231072881069,0.0153325150016968,0.0110947663847558,0.036899915103766,0.0027080823431648,0.0023789361874897,0.002521997466138,0.014921606928236,0.0195932297043822,0.0330627772730525,0.0468236112667272,0.012164905213921,0.0380112029130334,0.0172999690647443,0.0069343362169316,0.0019246053458145,0.0339445089497156,0.0172213410865269,0.0241288608209876,0.025729284859448,0.0979393637258426,0.0057174632962734,0.0070971613353441,0.1475927286037518,0.0014867132161816,0.1446608472260429,0.1391645420258365,0.1468086351076721,0.0758224718898293,0.1023709133980991,0.057764940050586,0.0678519529168358,0.0641802065141721,0.0572967846968156,0.0720483713825542,0.0649011195917513,0.0432631552163145,0.1039077464273126,0.0103809855926487,0.1079625146783268,0.0180957495193519,0.0166709678594059,0.0554258430145304,0.1000332055339174,0.0116760838962387,0.0119184778437969,0.0126838789744626,0.0103245223850608,0.0504200140628314,0.031521085184724,0.0331697715735212,0.0162246129619956,0.0078341427148314,0.0076776244787423,0.0110611240037647,0.029921342079483,0.0391490718930774,0.0336237276478224,0.0021962468599145,0.00163780573976,0.0054636209840342,0.0173968529151783,0.150121342402367,0.0069459142247811,0.0203526942936397,0.0011825645113347,0.1290624633243728
0.1000185679935692,0.0573030217240848,0.1225419633645822,0.0513195594782193,0.0561029461567392,0.0450208756578928,0.0208263351858709,0.0801928415594084,0.0743392920130903,0.0547432019313002,0.0601219467988984,0.0492557841854206,0.0472130475425406,0.0406700094711846,0.0534061656153041,0.0023633715322995,0.0471847339072454,0.045828297343753,0.0125709366993764,0.0520748635483639,0.0868308847945785,0.0119264526844061,0.0503415622455499,0.0346148192762191,0.0966619581029295,0.0003849102589483,0.0491302386495996,0.000993052426692,0.0798673095111405,0.0210833116528642,0.0493595408844208,0.0197925820534667,0.0316100806416207,0.0801510585108535,0.0269819287498034,0.0224679370827226,0.0807889462425335,0.0361843639577197,0.0227328805293859,0.0223014136970812,0.0220386237194567,0.0231086071470251,0.0188652803045851,0.0149919493205182,0.0111308226995954,0.0088898434691709,0.0296508551495436,0.0019941941237305,0.0017802329516568,0.0017904583425307,0.0098903141480518,0.0139669253277867,0.0220775741000417,0.0379059051543105,0.009192561680161,0.0271864876447406,0.0133615516342862,0.0056695325390143,0.001544097091104,0.0248422319500862,0.0130717350483818,0.0175227930058783,0.0174411962260684,0.0712699656733483,0.0042103870705656,0.005237726364297,0.1042800423755361,0.0012166969293274,0.1169497493583408,0.1079261599741366,0.1068007334655031,0.0523867600715303,0.0764963716645935,0.0415294056768306,0.0548402945560644,0.0496975319477607,0.0441759702071348,0.0549101781098027,0.050161001540159,0.0334789611414643,0.0732661622299802,0.0078932216975431,0.0768234339902923,0.012838945825182,0.0133126203696052,0.0408768657892218,0.0729846322314012,0.0086874208420755,0.0093383372780601,0.0101866423139071,0.0077950527196851,0.037846119348513,0.0229627719768544,0.0255062970794281,0.0121726976599938,0.0060843659546643,0.0056705170483339,0.0087562353606722,0.0224846414525,0.0318187644448265,0.0256096199172953,0.001728745484702,0.0012703633059472,0.0039669573067278,0.0118130269916907,0.1246062108734436,0.0051263681237918,0.014855738030407,0.0009409644323532,0.099870848965299
0.0985371189959595,0.0559560780723859,0.1366892583941909,0.0485079006661944,0.0533046413669821,0.0435673255951761,0.0207114834014112,0.0796034738411732,0.0744806049133395,0.0518068727201796,0.0582920604840739,0.0474860567187392,0.0457318647108327,0.0399069460958471,0.0497859179780285,0.0021666305962711,0.0444685861537456,0.0433577275077691,0.0119965404751566,0.0501835895244727,0.0986413932983612,0.0109519840565884,0.0586321805999686,0.034440787614322,0.0947095118896537,0.0003668542087195,0.0555876462584132,0.0009438248851352,0.1174557196602415,0.0202776741523691,0.0574706687156377,0.0197199423779821,0.0300377725917968,0.0786504361065083,0.0260671747191466,0.0213766438216367,0.0778779130256238,0.0325840824111391,0.021822158115592,0.0218333357385966,0.0200159245476819,0.0224728286260965,0.0182344715793514,0.0171237492166586,0.0096730244429399,0.0079058201268083,0.0301905550856863,0.001963565901567,0.0017530770175661,0.0017410941774177,0.0097220604888067,0.0135418000878049,0.0214549030131154,0.0363529932084202,0.0090287663451522,0.0268714573946141,0.0119415733107852,0.0055676464205377,0.0013724153308711,0.0227686419088558,0.015059881500848,0.0164707865276773,0.0164781082568377,0.0653682524285231,0.0066381154669655,0.0051410313726622,0.1021615859585646,0.0011842525614915,0.1108321901406717,0.1034882399951872,0.1024926332495978,0.0499588324801966,0.0737442878366557,0.042080186187898,0.0495540559482898,0.04699269614023,0.0419196187803305,0.0504756026175992,0.0475358169315371,0.0332669762397194,0.0698032915050012,0.007449352595549,0.0725568206901202,0.0123688555777708,0.0120920810524386,0.0401407846746398,0.0692785959030322,0.0081901858751764,0.0089659651148381,0.0094606365068249,0.0077074764686694,0.047742111877773,0.0216160596530436,0.023972024406449,0.0119201165255676,0.0057526417493898,0.0053408358245936,0.0082383049118868,0.0222021545639144,0.0313473923008229,0.0253901640521974,0.0019680792660486,0.0012305355216309,0.0036445521266037,0.0113838169317062,0.1191508598115803,0.0050708534843491,0.0138740667065367,0.001124941949672,0.0935120016730685
0.0981164219511597,0.0717170614184261,0.1166204299444994,0.0481256866919033,0.0543072603356334,0.0438715825478506,0.0263258914595497,0.0792301867422697,0.0951209948317301,0.0518500858064359,0.0583968618103186,0.0475302705599364,0.045855641395326,0.0485837043541692,0.0496825395728911,0.0021878194444917,0.0444297314576784,0.0436337856851375,0.0118685512643446,0.0636847949636241,0.0916457361479004,0.0108617483767246,0.06459468086262882,0.0343802548623578,0.0955273986209617,0.0003663890212797,0.0467299117639466,0.0009528393581344,0.0724330586632333,0.0202254740161558,0.0483131886142033,0.0200257208214505,0.029961984874953,0.0779767600152464,0.0299948326778203,0.0212221345502717,0.0805739651549865,0.032481979309842,0.02202651726834,0.0220399244465985,0.0201600924562373,0.0226682640814045,0.023220983876391,0.0139166237070087,0.0097405661720053,0.0113041588990862,0.0300588718784005,0.0019738760401943,0.001770624173572,0.0017384127757508,0.0097752752182658,0.0164306101577943,0.0215559701359771,0.0361418020738777,0.0119382143547789,0.0270202958390594,0.0119321140144799,0.005543152059574,0.0013682603269057,0.0232775642412739,0.0122892029362579,0.0166019644901355,0.0165718876720569,0.064654083047283,0.0041268871216897,0.0051275070312862,0.1019796326466775,0.0011926500386641,0.1107373951911496,0.1037829855709942,0.11837926740446662,0.0494190944363374,0.0740827941474921,0.0419513138580946,0.0600641626378666,0.0472748778947592,0.0475418896843836,0.0509227788884063,0.0476544092423874,0.0336482885591407,0.08477737537514107,0.0098217250692733,0.073497232026436,0.0123027073933771,0.0131754857755855,0.0403231107727278,0.0801360053142455,0.0081486705859371,0.0089842568076385,0.0095709178060783,0.0078513467617064,0.0364651713741081,0.04650119776233673,0.0291606474315673,0.0119356407634306,0.0056662895652925,0.0076096938660975,0.008235290427683,0.0223626970373824,0.0313504448997047,0.0262943737016479,0.0015516917124686,0.0012383961331571,0.0036731902073141,0.0113418904606037,0.1177136641056992,0.0050765340521061,0.0190843118620126,0.0009618045513395,0.1340260744492715
0.20346784243466787,0.0578775741721649,0.118549606539446,0.049961889908601,0.0679913461456901,0.0454653617476002,0.0211113648131233,0.12967754411953386,0.0804793710153878,0.0557591415891876,0.1066790805633982,0.0511921939206863,0.0485604550160775,0.0503504998247124,0.062422926277353,0.0022588091726021,0.0475798248167291,0.0905256127550571,0.0125697846812773,0.08915745292789325,0.1704657723004196,0.014286964369346,0.0618300644291997,0.0345355004977833,0.0954137212232889,0.000379056907057,0.06762923862400516,0.0009614713462619,0.0719348384137954,0.0210791541198915,0.0578773837255962,0.02027961378243,0.0295841945894741,0.0791230786975206,0.025810650344641,0.0217938188543224,0.0852596064058923,0.0339971778608326,0.0228046236362017,0.0231942591860935,0.0264561492051593,0.023479443879168,0.04192797251314684,0.0146903280264611,0.0132229887890795,0.0079049090643819,0.0374371557609951,0.0020554861202596,0.0018690505146492,0.0017392186614977,0.0098556302796986,0.013886463771067,0.0228049726885249,0.0368881533771378,0.0100865261523927,0.0276152046588604,0.0124739543309695,0.00554719102335,0.001477441816647,0.0237210025665005,0.015410976603668,0.0226666003627879,0.0626897427160506,0.0853347516747712,0.0042552682930865,0.0063875383335018,0.100468553713672,0.0012101361044338,0.1122794556076317,0.18559342734037879,0.1528799627419664,0.0512179233805239,0.0753757231298572,0.041703085924381,0.053041869605724,0.0482191175845064,0.0500873490597355,0.0515870355318401,0.05083748990471,0.08091208056151808,0.0714029332221772,0.0075680166727888,0.0782023380314143,0.0128951557524696,0.0141024907729244,0.0411998895488433,0.1288207129019221,0.0086014717898368,0.0095168953345884,0.0118240366391603,0.008140411093818,0.0392841943945603,0.0265942744523477,0.0252619674808518,0.0151752993901175,0.005913728229944,0.0063421306128944,0.025983721164993343,0.023938430957946,0.033496421913636,0.0270340450827405,0.0015637590802755,0.0015716798886102,0.0037281338553738,0.0118757216915022,0.1168550662397128,0.0054713335112124,0.0144611248928493,0.0011152769669537,0.09901811803398
0.2198955585194876,0.053965902197368,0.1317731486988892,0.0496948217249611,0.10669898155176086,0.0448465961037737,0.0222045565993882,0.12591181636969537,0.0761020197545876,0.0528279979484177,0.11026559792697352,0.0558526458012174,0.0479774289061106,0.0413379402734814,0.0677557293547742,0.0022224373453471,0.09992252273036484,0.1761464798277886,0.0146894979836528,0.080494135816109,0.17028370391213554,0.0119151372644019,0.0741944393640286,0.0373335747739216,0.198454244388665,0.0003710994291964,0.16512773677872788,0.0009710508537306,0.1326564556024111,0.0208669659555791,0.0519672313264636,0.0216564815360795,0.0300900201844695,0.49142620743361964,0.0262436781212129,0.0205571724268413,0.12392687410251305,0.0344853224631014,0.07953367309551636,0.0219000297309436,0.0199756177426217,0.0226110235714816,0.0199316872742109,0.01347538831396,0.013449032059044,0.0104927059646543,0.0317302872564466,0.0024658651898278,0.0018648347428073,0.001826605981395,0.0100601257115491,0.0143466558387535,0.0219990793124671,0.0352368281963376,0.012298862472562,0.0269277445791353,0.01434985102952,0.0057413652926206,0.0018687630937253,0.025055739291862,0.0130422990173485,0.0166837977889954,0.0211460747954619,0.0736225860570177,0.0043557944034129,0.0063829627329764,0.1036813293349932,0.0012281144687526,0.1932379355660365,0.24292704201151072,0.25011690460923536,0.11170571175347951,0.33316989238040806,0.15154500760904782,0.09885660734138127,0.16037056944062306,0.09359381321913018,0.0680930461348436,0.0547132127015002,0.0347560806263234,0.1600712195236873,0.007770921336016,0.0779059437970112,0.0141060201747058,0.0129451328019451,0.0392007564910461,0.1664465890140347,0.0121947696452755,0.0092842405695653,0.0098624520035499,0.0077795857922981,0.038404098122525,0.0290690926348394,0.0249675999017551,0.0126052350459699,0.005880997065726,0.0058141115368964,0.0083105123242107,0.02371638608381,0.0308592308629691,0.0262667003814156,0.0016234200340653,0.0012696019378151,0.0052224974153381,0.0116566315041361,0.1241939599125187,0.0063093463591716,0.0188866495722564,0.0009369074252493,0.0947271822232753
0.12791220901643657,0.20847150567710626,0.178975478046745,0.051413690067535,0.0566669787234639,0.0900676981032831,0.0272010657090182,0.15306032354156657,0.0765192611614845,0.0560132345363751,0.0648844316288147,0.0553627720916695,0.0588656397593079,0.0446241865246618,0.0554589081328207,0.0024087078722631,0.12231097904059435,0.36738028600332007,0.0159137476175846,0.11274249136543596,0.2382413564145437,0.012518786153608,0.0609128118630043,0.0368579230203409,0.24175896301558486,0.0003818572738303,0.09101396079323668,0.0010283453489452,0.08606761790043309,0.0220167547965953,0.0527594865963534,0.0209010289110398,0.03109650403013,0.5272123361882594,0.0270930435858192,0.0198855339768704,0.1454198779355807,0.0357524334224572,0.0234708660964664,0.0237625814684413,0.12436316110559086,0.0235422040096906,0.0192540280335752,0.0135081782046397,0.0142336734577451,0.0082347895846015,0.0324984765607492,0.0019870481310957,0.0022263252468152,0.0017586478342314,0.0106244970256739,0.0139169671074951,0.0215500728591904,0.0333205207960753,0.0099513910749477,0.0282167878483674,0.0117389867149128,0.0057028865624542,0.0017762892253509,0.026235293659345,0.0138825374081317,0.0167052756315534,0.023173869753254,0.11327848837408802,0.0046765516288995,0.0059328127237621,0.1009589612114249,0.0012310777273265,0.17431470342696154,0.1627890912175754,0.106440353806495,0.053353641799106,0.19862097008284485,0.0434720073497748,0.0522337450210027,0.11541874134466215,0.0448055294705392,0.0538094365201237,0.0676184988872135,0.0375206763495397,0.21562490669272255,0.0078062538983403,0.0762526006499605,0.0148153766335182,0.0127547601555642,0.0412992814748806,0.1632353708155917,0.0100897474838659,0.0097722006638878,0.0107825590155593,0.0090145711745613,0.0372674956426698,0.0218448727018597,0.07165560995164642,0.0117357885058839,0.0059949417329696,0.0060341025263182,0.0077590720277643,0.031720181260401,0.0314519438125258,0.0316441199028333,0.0016385852092439,0.0013120327780426,0.004405048670355,0.012330575151254,0.1294106393654255,0.0061955628656162,0.0217470019512543,0.0009466785268657,0.0938728923688643
0.1297752455589903,0.1042612611119182,0.17487972065275365,0.13486901473724544,0.0566436951549976,0.23117842830947277,0.0269268091426293,0.22143646586402493,0.0947452766467073,0.055033593870943,0.24464497997993104,0.0618375565530103,0.0583322622358787,0.0461937070805835,0.0736703364797133,0.0027020033424072,0.123358893094674,0.241518745696085,0.0187290494482072,0.13929309859943717,0.2353757232589605,0.0128982362973075,0.0728659748861084,0.0445458434368289,0.18084953209488858,0.0004458775399634,0.09026319923032484,0.0010925941145546,0.16244922385455107,0.0258486143531358,0.0837157725655275,0.0293158164611042,0.0450572330370653,0.26101507203020835,0.030732854675061,0.0214615285447941,0.10712894227144151,0.0470680956656496,0.0300813115335686,0.0275730857872956,0.08782641868430724,0.0300069063142967,0.0203757911181254,0.0191383281098814,0.0140591680533324,0.0100283678146743,0.0451038459889188,0.003199129359441,0.0023909153429497,0.0020306416000352,0.0115884297830254,0.0245587885808704,0.0251325668299222,0.0385730979860127,0.0152411323661933,0.0325849403419993,0.0139060523778616,0.0085042770936625,0.0019238168962668,0.0295821370494098,0.0149169758848412,0.0212667343965761,0.0252739961527529,0.071474772048652,0.0057135166190023,0.0086220510715141,0.1227630330858983,0.0015576704781981,0.32011211291125063,0.5402108782184833,0.274262971814097,0.0686034755532119,0.15768628835189458,0.11557222974849887,0.12427732053856883,0.0746427344796526,0.0492579297127107,0.0711633156449069,0.0611439891058114,0.0404461331195485,0.1986008196869623,0.0092859791842887,0.19801068780072978,0.0148301237247077,0.0172315210488582,0.0481992755090727,0.1826571837628535,0.0095655895965286,0.057087457031182974,0.0140574241440818,0.0112772015070888,0.0538487695905163,0.0263122015941153,0.12464609573985928,0.0171776584151715,0.0065477967900174,0.0067676228984477,0.0092041316299318,0.0284075347140748,0.0383711679446893,0.0344652969134913,0.0022481914571604,0.0015944900662979,0.0057185128607641,0.07325703743589085,0.1633154395728206,0.006386206162307,0.0164653754529869,0.0010809434219256,0.1045421620104494
0.5151305904886708,0.17389487722049607,0.23566893357803087,0.1107820716572876,0.1700778719874303,0.11136106928372745,0.048456497386909,0.23025045766290692,0.1429403426549237,0.0904756708258337,0.2427579843313129,0.1331912466382134,0.0761471404747865,0.0786028712268103,0.1494262721793512,0.0043322513561304,0.33476320301556495,0.4479581883081327,0.0290960603221626,0.24752361661807631,0.48801576223547666,0.0226877047885512,0.22495506490425313,0.0658011887213623,0.4241845669806146,0.0006473191049465,0.13127587912412686,0.0016974330892986,0.1444069932292422,0.0480059553572908,0.1259086593746668,0.0427958377633521,0.0743196169046383,0.35416710055983325,0.058158785506228,0.0348658754683674,0.23909428689526335,0.0592008695256832,0.0430962621397233,0.0585920956243043,0.15770565128133257,0.0631064356075672,0.0349711210264171,0.0224135469116746,0.0236090441227956,0.014153127028255,0.0519902740887819,0.0035958386072776,0.0034342950109452,0.0029568094577465,0.0214918631247805,0.0305442877576878,0.0430513406691116,0.0797932674861676,0.0247937139941086,0.0449585543400806,0.0279285723414827,0.0127697268490671,0.0029576619793192,0.0485564966123098,0.0296226535271165,0.0320694095246482,0.0335771723261205,0.1185144456468918,0.0080333800423816,0.0136424161648332,0.1717474639789383,0.0020569842815351,0.4193936265618292,0.3799768760818832,0.21530108599038966,0.15817678848244346,0.3312460451208029,0.09161658678631712,0.1796512059640223,0.15314901960014082,0.0815456708079411,0.1158614194372864,0.1011198417164367,0.12811920998353454,0.2676456423517085,0.0136443689262195,0.31633192948835787,0.0210165284787163,0.0199596087164458,0.082884476087648,0.1293281622206173,0.0171031317770737,0.0210804365010667,0.019830214235305,0.0166406720973387,0.0695751171147245,0.0392550775792592,0.11948806234812218,0.0195212830139381,0.0125569257511635,0.0094311622765701,0.0149315815128935,0.0492358528934117,0.0520068727666145,0.045360004210524,0.0035682516638838,0.0030299262142941,0.006859111894306,0.02697764784832689,0.2319836378535972,0.0106744753689312,0.0229113952838315,0.001689037359948,0.1591465611536114
0.3540952112396035,0.31646156309232043,0.4362983366436094,0.24881477625913145,0.21880481732109097,0.1572975493310396,0.066339230637524,0.36674669209361677,0.2085698040152132,0.24512901821659633,0.21109353318944607,0.1167206280313366,0.1399197155369034,0.1264675736078925,0.1443859738916601,0.0065884207809191,0.2063002080854474,0.3807707146763414,0.0426656815116636,0.1545727711194179,0.6829894095068066,0.09312100938696415,0.1739510974700291,0.0841916649689693,0.5766923863461222,0.0009018906208334,0.22006790596925296,0.0020937048020665,0.3274739044100919,0.0692397081106871,0.1386702417401839,0.0601138282053106,0.0894306541744264,1.0566642605027088,0.0594571829418941,0.0610288731629574,0.19268991654407042,0.1021065429746894,0.0641879449859181,0.0780453911786859,0.1228996820427957,0.0726527216499475,0.0377707181938004,0.0340488168309062,0.0360624912036078,0.025383034339591,0.0723600341889905,0.0043719609565983,0.0047062649642062,0.0063004440739922,0.0353866471608498,0.0381943804235979,0.0646839754033158,0.0787058318035308,0.0267481079962032,0.0706045974566605,0.0352548958642962,0.0121085962516378,0.0062978721701151,0.0693641978170654,0.0316966793572509,0.0514281502620916,0.059022604349913,0.199337620613873,0.0093424048268493,0.0172104127657083,0.3247624012769263,0.0034528968172631,0.5684151346407283,0.7723506764876092,0.2895543598131018,0.1252956294911559,0.42619906415861897,0.2750967266751396,0.2014997550269311,0.15532792878989893,0.1223836330322639,0.1453392606152825,0.1164253417151058,0.20717799708416398,0.5042966334607394,0.0136242481531636,0.24778690389757896,0.0297415701769172,0.0320152310248551,0.14408722148108166,0.538601017662325,0.0294762201690993,0.08023508680130856,0.0272569179032645,0.0238936856500371,0.0852033305109133,0.0610073487309493,0.2694153695185804,0.0260099683418846,0.0212776026613336,0.014577364075,0.0226978742818902,0.0911119891992974,0.0882470723085416,0.074645885281469,0.0046933753012737,0.0035261530387779,0.0109911269173454,0.0299667014619803,0.3590426902840226,0.0149009038492925,0.0290863557299233,0.0018075476801377,0.2205135686698295
0.4883295394028184,0.14896139437695471,0.3652397320340019,0.26658817602700063,0.21898879603210986,0.1346265619548636,0.0589859775183197,0.33255466029419745,0.2276591006777878,0.1625753878629737,0.27180267420653026,0.1383329796452246,0.18899562219525057,0.093680215759016,0.1299839195666357,0.0073127215182129,0.3639891485672875,0.30971618705109727,0.0414408558686823,0.138120392369192,0.30471043254386365,0.03442564543263997,0.1512923624150368,0.0914910799213423,0.3596711085928729,0.0013784489668419,0.2502102333223102,0.0029075630663622,0.2271671335574525,0.0597497541436551,0.18377725121535232,0.0860197307572384,0.0807245402019946,0.718227242200283,0.061608375312414,0.0565219712437694,0.2748674800764176,0.1072119848460096,0.0580970935648454,0.0814146578042684,0.09096966025921038,0.0607706139419304,0.0704852060616893,0.0332037059550956,0.0318592618072705,0.0224926887918906,0.0909434635146421,0.0062145604903055,0.0051243104451867,0.0060256956441809,0.0281255834208648,0.0339875620177891,0.0603567977224847,0.0706426704265421,0.0243210160474389,0.0720013205571506,0.0354123537340453,0.0182818266602564,0.0040386263091478,0.075103207784955,0.029469450157679,0.0512408308504155,0.068027942800955,0.1950255444167414,0.0105508708838231,0.0185949165990317,0.2567586506256282,0.0028754306192701,0.6127094698428553,0.34908713921896056,0.4232823309690945,0.20649506124916656,0.39472317968423776,0.20081453799254678,0.13903618336443674,0.1487345227104918,0.1545879842305355,0.1821597175663231,0.21612574465258053,0.2658740006865297,0.2208397293241646,0.0136637624424181,0.30009514271029,0.0274196513554233,0.0377239245928249,0.20206594451911797,0.304660181224273,0.0190847754602696,0.030352865884619402,0.0264405150811217,0.0228417952460311,0.1028233556178811,0.0594991868106501,0.1354851407904698,0.0299102100555697,0.0170370178173124,0.0147587294494429,0.02585214642762,0.0701186749243752,0.1055410625071081,0.0613684836602496,0.0044923557647376,0.0035550232952469,0.0111701473178042,0.0358761888121714,0.47818794416586513,0.0150931824609436,0.0403011709833329,0.0028311624081184,0.2563477543238762
0.32698177302243614,0.1419452068139506,0.22236744668204192,0.1339110732866361,0.12395405438461247,0.0977005322255862,0.0514032034244477,0.26511732428713203,0.2046465292774887,0.2167127633139926,0.149157735453543,0.1002296478106375,0.12110688675446529,0.0783635377009498,0.0986093749903973,0.0046651076106195,0.19791365065609012,0.11118586370158806,0.0405433185676601,0.1402212411500575,0.3267356030907078,0.0388980987718282,0.1926885569414826,0.1111517002920602,0.47074348237177865,0.001056687132666,0.18026247197790835,0.0021308840701643,0.28771514888844046,0.0687505050642282,0.16875170662832034,0.0461915696406482,0.072618699395928,0.37996523365674323,0.0987817751120945,0.0801552134360836,0.26979382843055644,0.074195111480215,0.0712824093447611,0.0798510090202775,0.18341389883989329,0.0748053736838312,0.0529745470580868,0.0325888098169838,0.0341932941956167,0.0231636103470529,0.0742259561720259,0.0055515119199644,0.0044241741479818,0.0048337173622145,0.020965865452238,0.0479045291252843,0.0545111729462654,0.0971671766528835,0.026408268010624,0.0644561680834298,0.0366093488540155,0.0145369689347661,0.0031624210753368,0.0726392404146789,0.0269449461892555,0.0447110229699581,0.0392065997463298,0.1767786759019938,0.0095586892647385,0.010482984248043,0.260086663344478,0.0029878545667612,0.42055852401008953,0.3371443084783281,0.25340269498329465,0.1978878652590852,0.38985629810958744,0.10271172540150371,0.1402708642030741,0.20390788871305982,0.1120632718177265,0.132960566133377,0.1188027038535456,0.13013466538111126,0.2913834030356542,0.0210651766901139,0.30053639801216353,0.0361776068513515,0.0309462233625607,0.12578863489803144,0.251202254936784,0.02242000727346,0.0298494740295855,0.025965280688916,0.0325012397534498,0.0763367565003577,0.0548492528575388,0.0655064783902728,0.0221665596139393,0.0143638424106396,0.0134821711900117,0.0174694967953692,0.0483595497225142,0.0636197220628424,0.0734141007483385,0.0047504876044532,0.0032629768840304,0.0099064110164114,0.0343077487792521,0.3079101183014889,0.0134139722043129,0.0320614874109512,0.0033497001591453,0.2670887344276929
0.25305327443916203,0.1320291798621169,0.2331155783838605,0.1248841473868613,0.1321152440516396,0.1138521461970434,0.0485048848636687,0.1898402899765924,0.1990328575718542,0.1353105442094098,0.19904557571583215,0.1063820233768765,0.0988655061979936,0.0941438618781515,0.1081362159227564,0.0052957061587504,0.10926895427912264,0.17978695233089026,0.0311074839232211,0.1204731775897371,0.2424928125495264,0.0291899478751907,0.1225933055025096,0.0799971627251051,0.23797723877287705,0.0009903193643533,0.12411013442022628,0.0024911674336395,0.20923495326492092,0.0529066088532304,0.1123512260269911,0.0436920729975452,0.0820103477161741,0.21590048111899723,0.0653643311273678,0.0543630379927696,0.20556876255591325,0.0940567459406832,0.0549228069572185,0.0597730672936696,0.12482394250591548,0.0598474062890322,0.038786091566292,0.030351213966943,0.025967127515066,0.0217048475586758,0.0600546967882872,0.0040562751774914,0.0047864282634931,0.0043643841557036,0.0259321362286302,0.0320474777658382,0.0646048705526253,0.0779515340899985,0.0231218394624655,0.0526616668968451,0.0292110952655468,0.0124048303582571,0.0040459601414482,0.0798970161184941,0.0274808179621264,0.0396587003474882,0.0409225855443708,0.1374478930467248,0.0091716539548316,0.0120752122468129,0.2413238111115465,0.002560918117409,0.3473859930245756,0.2689241897321521,0.2326966521507791,0.1235696294386491,0.17035648402309117,0.0910996516729024,0.1124266870901936,0.11911686689268622,0.0933984075256854,0.1359996913501512,0.1389724585690157,0.0896888255873848,0.1475510421749869,0.0160821339123758,0.156657160040283,0.0313709100274012,0.0282269396530484,0.1127498136555278,0.1932055128909276,0.0222116282469797,0.0249269849045173,0.0246203382973278,0.0193806870535414,0.0859106315315946,0.0508785206551713,0.0598325771126315,0.0246349134341569,0.0132027239093355,0.0127036757867424,0.0177561532118667,0.0550399828985241,0.0605274393955416,0.0641982415453983,0.0042522334506056,0.002901254999967,0.0085998471780287,0.0291096463899077,0.2624922753828967,0.0110509851212444,0.0337483162856195,0.0022484145607551,0.1897622517572188
0.2006576053716477,0.1233970546787404,0.2004551657468477,0.1302351430269374,0.1562360706330029,0.0842703886864146,0.0468591628710837,0.1495860363966807,0.1604932801081537,0.1215601401626315,0.13322355570059174,0.1054331865193256,0.0911092936788825,0.0817389081521368,0.0917459304105531,0.0046009564238244,0.0867842131485659,0.10433993597391078,0.0285332994807438,0.0943741061811509,0.14894460796843648,0.0231973781556887,0.17169046134541593,0.0614219572171935,0.1867941093239545,0.0008262437494173,0.1108154222274996,0.0017661499736365,0.1655085301790686,0.0411253922701115,0.0925975813930214,0.0405770415805146,0.0664242018426872,0.1753568172283405,0.0523318869245436,0.0463854000334737,0.1553373565758025,0.0749938674833399,0.0497859609813246,0.0452701739883183,0.06086034720832459,0.0528947286373338,0.0386957370008739,0.0264317366510636,0.0245929652682974,0.0168789498861244,0.0548996010436393,0.0037761593766486,0.0048792866040245,0.0035760960230483,0.0207411992600686,0.0261644169589938,0.0525388388926736,0.0704128357909763,0.0189010865177252,0.050349887709653,0.024809073781791,0.012849203233045,0.0036476554540907,0.0794902151477735,0.0311557558562818,0.0311150048879447,0.0314968668124881,0.1176246521458964,0.0081431694282864,0.0102033867115111,0.2003392608311436,0.0021883617231632,0.2247832279770038,0.2743569922540465,0.1618886314325598,0.1109898905107873,0.1278386971418355,0.0965943712854739,0.1514809566517655,0.0935262704064488,0.0829074760673686,0.1110019800037963,0.1062197050773854,0.0866500496993926,0.1053653666109577,0.014309384717615,0.1446531935469599,0.0280974832352436,0.0238061097875268,0.1014272016137312,0.2132489217340161,0.0179381800817194,0.0191554498855473,0.0232423574027733,0.0183469110689977,0.0618974649318155,0.0438860829589892,0.0472128631876381,0.0230360953737831,0.0113875406759613,0.0112936576837749,0.014291809818847,0.0627884370737209,0.0649180941205836,0.0667248800391653,0.0038477724554065,0.0024940568031477,0.0069186233810311,0.026728807851811,0.2318451876561939,0.0095796750375964,0.0309525865508431,0.0020745999686764,0.1651242517498502
0.1446625936825113,0.0768829080947859,0.1574019386297833,0.0825516511964706,0.0975011308898374,0.060621092552662,0.0310101643983907,0.1072098085028677,0.1133470103169528,0.0842555791900911,0.0853450519583255,0.0703978257363081,0.064645907490589,0.0576860557024107,0.0623307672340134,0.0027866878695766,0.0666182168928719,0.0632765318166015,0.0192574801502722,0.07564926055194,0.1178659846432002,0.0149134358853401,0.07403247216124116,0.0414612822569978,0.1432231867588068,0.0005746266358797,0.0768346900182118,0.0013696870184328,0.127345569124737,0.0295962453713027,0.070610200392963,0.0307648050354134,0.043616692267663,0.1828195862094959,0.0391775822122617,0.032542895336659,0.1299100966235488,0.0542904560500991,0.0370374283035106,0.0304490608719207,0.0277252281960165,0.0343467591184104,0.0306299188046165,0.0181309815380249,0.0152379384975437,0.0128283663384251,0.0411484312125154,0.0028531886562933,0.0032954131687594,0.0026087547299059,0.013440941928895,0.0175013493215452,0.0369871099430407,0.0465674923510303,0.0128115277373139,0.0434663877527938,0.014421189889156,0.0084818673591638,0.0022878553159819,0.0419701951815941,0.0161217158876281,0.0230447735146622,0.0264731597476774,0.0930643352898582,0.0058955856481529,0.0081550968656799,0.1457575994867188,0.0016832539445955,0.17127664107303,0.1676823387311283,0.1193128190238057,0.0683067983502958,0.0971287441226432,0.0765882308067937,0.0781341155258804,0.0674917540584098,0.0594962793756935,0.0779239514896246,0.0740756729155346,0.0664434274369119,0.0929031231563205,0.0100708711476864,0.1118772360582304,0.016992068665689,0.0167861443462261,0.063872865923473,0.1289501701866477,0.0116598863668694,0.0138918790674944,0.0137385872948534,0.01214961981673,0.0622472975438038,0.0386363730336363,0.0357965401545259,0.0155682232036156,0.0078004620117197,0.0074275144639418,0.0109800834516808,0.0377389334361204,0.0446254342870928,0.0372332725023073,0.0026895726838527,0.0016665319536095,0.0053876199236874,0.0172145215175929,0.1701501265565755,0.0064466267466307,0.0213300969657817,0.0018222492290192,0.1466135989555513
0.0871532293162835,0.0459795719154911,0.0790391500866733,0.0409231642508223,0.0442725175015207,0.0357562331422798,0.0181553464687365,0.0682175910039804,0.0651626599788976,0.0463814697406918,0.0512694523158024,0.0404012777580493,0.037004401717578,0.0309454577154064,0.0377587621307166,0.0016466357098804,0.0392988665928002,0.0361443876737187,0.0109283892936551,0.0433892014094237,0.0666065385029788,0.0093541125012524,0.0417043879403695,0.026574921780422,0.0851259167339035,0.0003330310769224,0.0382646186004457,0.0008284796178006,0.0637485235076512,0.0151922414131966,0.0387162325688058,0.0160198156700839,0.0261243704856805,0.0690407496406773,0.0211564019562179,0.0183936611233567,0.0752454087649071,0.0302884834707398,0.0200242323781172,0.018675334533894,0.0162441441837109,0.0196056923701404,0.0156585298485894,0.0112657838340117,0.0091458915373825,0.0070189767765932,0.0205450396155093,0.0017151093367504,0.0017380115989464,0.0015294099704162,0.0090005868300847,0.0124609732064952,0.0208796134948547,0.0294756807489782,0.0075645020080265,0.0229983206541823,0.0097254375482524,0.0040661073496895,0.0011708475782607,0.0249778322736598,0.008643409627284,0.0140406637972473,0.0168694967941721,0.0573128887242225,0.0034862207170722,0.004201494567427,0.0950541430185167,0.00093921095872,0.0933429912357856,0.1000507813397972,0.0797352337324616,0.0452539967170858,0.0564727601492836,0.0398017233969739,0.0451046592897131,0.0427406825106889,0.0320044911146511,0.0419606598643306,0.0389404353584178,0.0296668148362001,0.0577384745639481,0.0060177474716682,0.0568521953195179,0.0110154359407025,0.0106856228559174,0.0316685910831293,0.0710677625218342,0.0070365131977576,0.0074423060230589,0.007503028728053,0.0075500900318798,0.0271811738103635,0.0195697324111168,0.0222804251100323,0.0084196685467337,0.0056047371028893,0.0044030351979021,0.0072800494564932,0.0205727651006991,0.0245253425663978,0.0215894802184336,0.0014540966993184,0.00108319021055,0.0030432496197424,0.00992409321339,0.1019613379145688,0.0042225984005858,0.0117719928776234,0.000719339195189,0.0751564617264227
0.0735107370664811,0.0450011413861557,0.0727560447277102,0.0381854964601665,0.0409410665113718,0.0329527488021736,0.0171127332902543,0.0560901445340666,0.0603499846178036,0.041546357519466,0.0449331089724576,0.0373219597914822,0.0323019220523861,0.0293425573092948,0.035667553229893,0.0016182894246354,0.03647269869991,0.0346615177920078,0.0104863599490239,0.0406868348169588,0.0604575857719493,0.0088603574368327,0.0398030716483168,0.025079084422617,0.0682130820879396,0.000298114292535,0.0354579481099569,0.0007633181042019,0.0540728732477834,0.0144709864337779,0.0377585745345517,0.0155713521497707,0.0256983516531191,0.0649495040451726,0.020181060617857,0.0166555271965931,0.0626669870199419,0.0269638229363685,0.0183581321289238,0.018260937105835,0.0148278868175302,0.0192467126007672,0.0132653887895297,0.0104443228096669,0.007993884616335,0.0067982719038019,0.0197426439772258,0.0016216248211627,0.0015524380950406,0.0013882480925003,0.0074068507800131,0.0113136154260471,0.0186823695058806,0.0274958020665381,0.0073224209831789,0.0207815399958065,0.0088953842974599,0.0039463281873884,0.0011734882584917,0.020194762475062,0.0085490783199132,0.0124166398413012,0.0139107118688884,0.0472588058080854,0.00290912517197,0.0039736053660365,0.0763900654406097,0.0008265408619544,0.0885234658318686,0.0874232114185502,0.0748232096131042,0.0431316823889969,0.0542865047563699,0.0348732489750462,0.0408845528381283,0.0380777652861424,0.0301898993899181,0.0403736954271835,0.0369767673275952,0.0294730651948204,0.0535806918909523,0.0054430933448103,0.0556733268933841,0.0099530041971784,0.0097404920625412,0.0292593049798986,0.0616223655235363,0.0066570386470838,0.0071195160228745,0.0072287020842098,0.006601591160497,0.0263418017874199,0.0169234436226997,0.0202845407969383,0.0083325008433305,0.0050452911288147,0.0037590578741959,0.0064253380282863,0.0190012727250091,0.0244632730558004,0.0194202351472015,0.0013812278213712,0.0009718761318834,0.0028951350213173,0.0086810220969105,0.098146725012978,0.003884088203798,0.0107235645836675,0.0007155189148577,0.0712482415348018
0.074103003297149,0.0448730074771281,0.0733182256589955,0.0386754133413025,0.041253256398767,0.0329589730719636,0.0169473028980118,0.0561759504611635,0.0591464809128376,0.0419659565870154,0.044719829080451,0.0374890333329974,0.0325674040776224,0.0295107917542512,0.0357805482308572,0.0016244724581044,0.0367356836427651,0.0351129407951634,0.0103278422585853,0.0405070171248694,0.0605699104078863,0.0087361754969563,0.0402009213281093,0.0250456870422229,0.0687903270553429,0.0003006127495792,0.0353236918651529,0.0007564594550251,0.0530225870924957,0.014355191441352,0.0379299701526973,0.0154867788133137,0.0257523216939019,0.0640883392639616,0.0202302163580698,0.0165719777387439,0.0621383228361,0.0269004387077543,0.0181150356512835,0.0182662238247406,0.0146847223978974,0.0192007157624363,0.0132892323554039,0.0104928792679905,0.007872725423634,0.0067861244047834,0.0199317848827671,0.0016092526548099,0.001551881294986,0.0013603058357859,0.0074139843415893,0.011284313008376,0.018535547649329,0.027741223891484,0.0074196302951352,0.0206106761313312,0.0088968623125076,0.0039951866201617,0.00116660496879,0.0202398222099141,0.0085055557393754,0.0124305052839652,0.013976682877071,0.0479851786780095,0.002920149774595,0.0039670861475888,0.0764767098748416,0.0008280934958397,0.0888688573311172,0.08802757931847,0.0754896651468864,0.0434292531979458,0.0544879572925749,0.035000931714113,0.0405830205111251,0.0385503044203987,0.0301988586350459,0.0403290707681425,0.0366335982154671,0.0292461013292042,0.0535047132927671,0.005524000670201,0.0560032636851784,0.0100362504583135,0.0097184303793643,0.029230261884628,0.0619082087111555,0.006660759701128,0.0070302369946104,0.0072467508960155,0.0066353118490345,0.0269594528986426,0.017019942232095,0.0202985153680746,0.0083605158472902,0.0049499462528417,0.0037188449051767,0.0063330807907929,0.0186825206277538,0.024730121074721,0.0193947070455918,0.0013784257137941,0.0009678326497764,0.0028845739191548,0.008558167786238,0.0982045847969674,0.0038734586565559,0.0108519798564965,0.0007222941983512,0.0706620864522132
0.0736705549382487,0.0451456764355389,0.0747740284655397,0.0387078117766949,0.0408873717514393,0.0325657456746442,0.0170780403823889,0.056177203102435,0.0583340991687509,0.0413441202757862,0.0450526192567717,0.0373473925319939,0.0327953048811045,0.0291332656486051,0.0356146619528459,0.0016252165480921,0.0364776066615185,0.0353248871007386,0.0103203541409411,0.0397163294007881,0.0607551475267999,0.0088068489252875,0.039918159258831,0.0253916630297425,0.0690464702825666,0.0002979078848631,0.0357538679394805,0.0007604320819881,0.0533361936628069,0.0142346229851426,0.0383115151767744,0.0153229936402568,0.0252048702695794,0.0639250886556029,0.020332871834142,0.0165315382751274,0.0619273979954879,0.0269477617743667,0.0181425075296509,0.018496399432475,0.0147900887347767,0.0192691999439511,0.0131821454630566,0.0105963902120873,0.0078733583447899,0.0068233261205274,0.0201088529645505,0.001616683065062,0.0015819962236524,0.0013498293210766,0.0074818761690039,0.0112656987676424,0.0186423086946054,0.027362241247732,0.0073918337713609,0.0207172435676381,0.0089524356783014,0.0039697802351195,0.0011693582846707,0.0203768964500482,0.0085906579281055,0.0124290099911289,0.0138536158842281,0.0475511589500344,0.0029113105221945,0.0040300917619036,0.076201180573984,0.0008289266164611,0.0878045259176718,0.0878406901678794,0.0749746019812721,0.0434851035750008,0.0543189793455395,0.0351785772641189,0.0409832687785162,0.0389804953270064,0.0305162226643811,0.0405187255690669,0.0369964670470056,0.0293095991108328,0.0539144132722119,0.0055023041739539,0.0570247870239131,0.0098932677915628,0.00969626512021,0.0293332035223095,0.0625202572031643,0.0066795838568815,0.0069448498158782,0.0073327121861409,0.0065390964133521,0.0263121070224573,0.017027921924795,0.0202115123929358,0.0082312364181897,0.0048539311141203,0.0037214904952438,0.00634296549481,0.0188256727672397,0.0248255147897784,0.0192400367828982,0.0013815094402232,0.0009745614978629,0.0028969815943947,0.0086794620421718,0.0982696770539556,0.0038486707245257,0.0108442725686536,0.0007148413865084,0.0708990427621958
0.2701335678150687,0.09079244601262457,0.3066389413062604,0.0382559849479796,0.0405842101865106,0.09147689863731338,0.0170042723046118,0.4415801559277221,0.0585008617856326,0.16344121757445304,0.10624279299128919,0.0371736673506526,0.0326005031353142,0.0293655894059258,0.0360157541371196,0.001622470501709,0.404303018564815,0.3525200432652126,0.0104410856377286,0.07287056111459965,0.7730526149136473,0.0089099343193934,0.10301012874731769,0.0254790702362425,0.11215707867919844,0.0002934038846183,0.27439904147309924,0.000760519010368,0.27364444375842517,0.014255564632709,0.0383362856390705,0.0154406007338985,0.0258473434146416,0.7014269132103075,0.0203026924959649,0.0166849030333712,0.29533341599554863,0.0271316047179944,0.0181585163220809,0.0184225887031397,0.18879973063666944,0.0192452815880191,0.0130516333130082,0.0103835415488948,0.008006995125993,0.006939638423629,0.0197292297286058,0.0016475957048428,0.0015913822817154,0.0013483054643916,0.0074511280587618,0.0112312323993162,0.019019734408954,0.0270706691169744,0.0073320790973716,0.0203339122675195,0.0090525465641994,0.0039198360593957,0.0011608980958737,0.07974045757320877,0.0086358320351368,0.0122677902362321,0.0137574697960697,0.0473760654167437,0.0029298370733513,0.0039788288392027,0.0769757818160177,0.0008178877682275,0.45196098165784476,0.5903865668004058,0.25020208560651686,0.0432742125512412,0.46045017850768377,0.13167179808079904,0.10216445957380156,0.09444497940983414,0.0309631511617185,0.0407069858493963,0.09445131514627621,0.0294173825247768,0.3372221600055255,0.0054836379146128,0.057017468647755,0.0098774520705769,0.0096363982052981,0.08745899432234586,0.22639137774491147,0.0065991069429432,0.0069376888127393,0.007210576794388,0.006551219140223,0.0261978528791725,0.0167979954304858,0.254927161873456,0.0081771692449426,0.0048466699343449,0.0037214904952438,0.0064787574925493,0.0191603306577712,0.0249058998936668,0.0193876278241371,0.0013842833859151,0.000978759311348,0.0029064088358956,0.0088583808200164,0.0981405257504077,0.0038250877614136,0.01097304356246,0.0007094048337294,0.0701757024475121
0.08464858422474299,0.0450242054897807,0.10316336997678735,0.0382467907973953,0.0410669878510365,0.033529672832025445,0.0169432858244694,0.09197131688909663,0.0581780522220302,0.05722882050309985,0.04957542015306221,0.0374440369459383,0.0326670460325488,0.0294570501954457,0.0360826696164141,0.0016278917287621,0.06926862784493222,0.06989848499433113,0.010396156931863,0.0398515114955504,0.09654292291366215,0.0088549874070002,0.04774310341083646,0.0252296335514245,0.0687460371601457,0.0002936873100783,0.045720697979996325,0.0007659346484379,0.07284875577511002,0.0144876165656688,0.0382823499550386,0.0154625655881522,0.0252054444189494,0.11164465893866704,0.020227244150522,0.0168527649578172,0.07061854746937278,0.0269348554834724,0.018134799592555,0.0182808639694021,0.03490238226185441,0.0189709360011747,0.01317266381113,0.0103059654660672,0.0079641373220077,0.0067865799359966,0.0197721553241897,0.0016475423765395,0.0015844143267466,0.0013514997024428,0.0073642134004773,0.0113364328824303,0.0188942647614577,0.0273888311590275,0.0072515162911784,0.0204260185694633,0.0090697900730894,0.0039233104368374,0.0011600220408208,0.022323144991318163,0.0086364149268405,0.0123341268638793,0.0138234408042522,0.0471861154624466,0.0028737355452003,0.0039233547443369,0.0781914032282922,0.0008173386659997,0.10899946050546677,0.13301101789872916,0.07829880045183907,0.0431187251015201,0.09334532574463034,0.0353056336061729,0.04493566189844567,0.0382857328199411,0.0309252466631008,0.0406735173551155,0.0365748930516243,0.029487392899393,0.07309181744616125,0.0054017609134121,0.0556922326984591,0.009876276577801,0.0096628100795239,0.037068883329312144,0.07434360227399776,0.0065619693643443,0.0068834364302632,0.0071536006723743,0.006593509342583,0.0264283408167395,0.0168013357669649,0.03355081686124725,0.0082180318940303,0.0049215717964889,0.0037249908144094,0.0064284927210578,0.0190975557936411,0.0248611284433998,0.0195907800277028,0.0013984488141692,0.0009814858323617,0.0028931264681453,0.0088266922081365,0.0982159501116796,0.0038367071045528,0.0109949796893975,0.0007142209991042,0.0719988630035953
0.0743881685193224,0.0445721490587311,0.0733594575467625,0.0384840874458097,0.0411705759719683,0.0327447849644851,0.0168917942454271,0.0562229245088444,0.0584807699040806,0.0412572619724109,0.0452309653733635,0.0386425059334344,0.03238984142438,0.0305238702075099,0.0360345866372803,0.0017459540068074,0.0366395693945988,0.0356771252669436,0.0104316390893158,0.0406817336058357,0.0609837380139699,0.0088485625498792,0.0408660156465489,0.0253259119370917,0.0693144241485096,0.0002984531708024,0.0358472117783236,0.0007629269264922,0.0534947720794926,0.0146904117851169,0.0415184909969486,0.0152788909801411,0.0261728861074479,0.0640662398366292,0.0201751162027615,0.0165855211440117,0.0629245587003048,0.0268863851910027,0.0183865922043548,0.0185818002763341,0.0147989528869268,0.0190592499307699,0.0133325969693623,0.0103755440145826,0.0083739989791075,0.0067622849379597,0.019580778710545,0.0016187095405853,0.0015757600630411,0.0013815519145671,0.0073448625897649,0.0112719435451788,0.0187997049784986,0.0275214750843407,0.0075339572403762,0.020786434533591,0.0090019984495678,0.0039207915131922,0.001155979672505,0.0202231880087304,0.0087616394945037,0.0125658972535075,0.0138550950548152,0.0488670133820372,0.0028980353350099,0.0039102758154014,0.0772825031131989,0.0008720500758988,0.0900523863543576,0.088547335712401,0.0744908046308228,0.0441217978734274,0.054296962674916,0.0346813283362005,0.0407943623653193,0.0389607887260215,0.0302453777924403,0.0410983812964021,0.0370299565700031,0.0294808803064055,0.0538466169846005,0.0054644868173668,0.0557129680975738,0.0099296012046385,0.0097631752015822,0.0306595048730031,0.0613206421588271,0.006558175348456,0.0068834364302632,0.0071980343997434,0.0067688708571468,0.0274110961333599,0.0172619310525786,0.0204030992552881,0.0082340914504403,0.0048494068405679,0.0038052946482909,0.006518997351456,0.0190428398647709,0.0244009491619629,0.0196658626794958,0.0013899439248397,0.0009794692356874,0.0029265591596533,0.0087571722688433,0.0987728505325782,0.0037864426868248,0.0109243097885609,0.0007176576188039,0.0715109200758022
0.0991097997031264,0.05843828815807,0.1071751559621713,0.0517687594067677,0.0514224737201443,0.0540394764500435,0.0247718317814302,0.074624851107643,0.0733058995719314,0.0531097472708093,0.0642326409243632,0.0545450116659865,0.0435187100095448,0.0399553468786222,0.0545264990291195,0.002367162847951,0.0507916766926867,0.0496225887679377,0.0136760676618595,0.0526398226802478,0.0800184941553834,0.0128240148135512,0.0528730586371222,0.0373969776132635,0.092410128164,0.0004900333782044,0.0432996249884214,0.001043244873266,0.0607899709575448,0.0216187095101313,0.0563208398367961,0.0188883910452919,0.0345996764113607,0.0824729241502609,0.0285265621492329,0.023801294868947,0.0828049009691532,0.0344661064299921,0.0257925362776378,0.0260716576181163,0.0220404634491482,0.0284579372297064,0.0199188591568984,0.0150695254033457,0.0114961990411661,0.00924250055005,0.0283431894799085,0.0019712451772342,0.0022650785306141,0.001829888134255,0.0095963622141367,0.0158829912045974,0.0240517383429812,0.0349660389847535,0.0106170942629653,0.0270601195783056,0.012224958062599,0.0050314196921359,0.0015293167908536,0.028571872526885,0.0117662519294841,0.0165267920411828,0.017821934735176,0.0645198446717601,0.0043967941829976,0.0059012289325246,0.0961562602219472,0.0012010664503962,0.119478240388166,0.121561629593096,0.0855531437069968,0.0614229042760083,0.0863576384368602,0.0376255654094013,0.0494360455286442,0.0634393221750143,0.0359751596380272,0.0511268437354794,0.0550154063972548,0.0423748375328123,0.0723514967979815,0.0088168379064985,0.0640894594751987,0.0143856805924087,0.0140860221925247,0.0415732546736005,0.0750278816836424,0.0091492693146319,0.0099632126389186,0.0107389665463676,0.0081327473009686,0.0391504265485858,0.0217506009834505,0.035287369893286,0.0128492510836441,0.0069116936072195,0.005501728402056,0.0081414908959457,0.0284429516137698,0.037739025592909,0.024921004739422,0.0020708419851324,0.0012765365610725,0.0046703396691529,0.0112132834480822,0.1532736674193642,0.0053343543659829,0.0142825529622117,0.0010092478617778,0.1115058714623724
0.1467997660069319,0.0829236531019866,0.1354245495290286,0.0815503644161683,0.083664513947583,0.0632144162539775,0.033333858848367,0.1205736119077405,0.1166849415721285,0.074672213051015,0.0894824060702912,0.0734532760540873,0.0640615022532182,0.0567621014491586,0.0721012285939832,0.0038421440842448,0.0716730083528184,0.0671145701650686,0.0213341079757408,0.0822438512313341,0.1157929053974863,0.0195840193321504,0.0891631564064481,0.0476319701188659,0.1173571497987327,0.0005386962974017,0.0833377765268848,0.0014192622735092,0.1188645823846022,0.0339784391072716,0.08468142107149,0.0290802563706042,0.0631472443132478,0.1262960885504112,0.0443174435877168,0.0363747252665126,0.1162351361238629,0.0562258260713152,0.0365569668911987,0.0416095278169024,0.0257011910390115,0.0414676829832033,0.0317553072266681,0.0209159514864852,0.0142417205981558,0.0120644404939029,0.0389739815112211,0.0037881049165754,0.0033078059471171,0.002710647993247,0.0165492888920149,0.0240294235927801,0.0390259408762618,0.0565280119960936,0.0153733621572551,0.0390265970243167,0.0224852399894486,0.0085251667880305,0.0028416848053815,0.0393908412005753,0.0180734316086174,0.0242151799983564,0.0260544065544825,0.0861428348602309,0.0068721110268233,0.007774431197188,0.1565682255458408,0.0018157106561195,0.1706252777565123,0.1782448300281879,0.1633276817147635,0.0876341564324311,0.1219938215080613,0.0789364829209345,0.0848903242277956,0.0743366532303118,0.0666953774222416,0.0797865661643897,0.0700112268067934,0.0664356123253269,0.1155570188813683,0.0101379605927857,0.1231774187110162,0.02201772773491,0.0202841122535031,0.0616859208495922,0.1226353292512454,0.0124467068926273,0.0139790564970113,0.0137591598811912,0.0144486183298701,0.0508628902717026,0.0380826194751064,0.0420711225947189,0.0181470310840309,0.0088546736046394,0.0076764441385586,0.013491639523444,0.039017122983797,0.0472783970986492,0.0432023433198542,0.0026700424164686,0.0019755033726277,0.0060588978313794,0.0177349947797913,0.1809027474847596,0.0080910220084481,0.0200546001146072,0.0012312730855578,0.1342341906820523
0.1395280528415095,0.0790058306995564,0.1274675881109072,0.0581722663804015,0.0754629957490422,0.05428002617075,0.030330913781236,0.0986379842820734,0.0992277754209631,0.072523658402348,0.076391893043442,0.0660167427284744,0.0611705064329503,0.0499275771228084,0.0605869578574309,0.0023239347629524,0.0611323428049795,0.0595689799836664,0.0175884363282713,0.0784226189992014,0.1051338886293616,0.0164286473386118,0.0629124052157207,0.043394938398406,0.1192837602398101,0.000495350686291,0.0589309445202932,0.0013437823612124,0.1005765856513748,0.0250141820872369,0.0646445142154568,0.0269247604764032,0.0483324681183946,0.1190988040875752,0.0326517575941569,0.0300963077878587,0.0988798075719578,0.0449127450863017,0.0311845347353477,0.035069653195381,0.0251382337533993,0.0303108943080655,0.0239573456973369,0.0180385528914749,0.0140879207572719,0.0122704165241343,0.0306191403290938,0.0027008830222268,0.0028416052157017,0.0024691899710156,0.0140337654943638,0.0211603085904056,0.0364496443379635,0.0482240132616238,0.0135471148410351,0.0341810046177106,0.0153560836739993,0.0066923458281202,0.001907584847643,0.0356799404200468,0.0150561898533916,0.0226222853205481,0.0263511281742454,0.0837536040105098,0.0053031600343117,0.007017027588089,0.1499555223252574,0.0013363160094579,0.1578364066457482,0.1526503143649696,0.1639867321870592,0.0833091032332941,0.0939374277157665,0.0657922983414785,0.0661024372278694,0.0703001543434573,0.0612467780391276,0.0675231520516736,0.0709276577537624,0.0490316844550396,0.0951854033556526,0.0096078509484463,0.1184948776991921,0.0184835552724448,0.0175283697999614,0.0556681915095111,0.1121848493779623,0.0115618986103697,0.0121649097561634,0.0131263807757664,0.0130710167297634,0.0452208849288032,0.033535308081602,0.0340844297940221,0.0147181373509794,0.0083163409071423,0.0070337285578075,0.0128029350392984,0.0310500171703632,0.0365502927116737,0.0366478423401839,0.0025966807055305,0.0016084210453639,0.0047974616473288,0.0175002065416171,0.1802352935480241,0.0069985455457411,0.0204061710139037,0.0011385741465804,0.1260186659872608
0.1008153070895867,0.0589308349043724,0.1028450148257127,0.0473695772605163,0.0522426255399984,0.0451153381052936,0.0237781538624635,0.0718226925833237,0.0785612660565549,0.0515048132472475,0.0561799460362923,0.0510243378333092,0.0494513713189484,0.0386548679152298,0.0436557388299733,0.0019564074583231,0.0465270670517075,0.0473273837577411,0.0140978214879463,0.0516761188789079,0.0809571602650555,0.0116677323185478,0.0488143884476033,0.0319498126875882,0.0846512766903737,0.0003810039167388,0.0415221199721551,0.0010225037618137,0.0712017090918791,0.0206960451555887,0.0466783381026606,0.0215373178779631,0.0349183293117267,0.087422482987966,0.027048460472603,0.023475871638146,0.0711911899535261,0.0373708823006023,0.0222172393016107,0.0267646244654298,0.019580744851555,0.0246665711688891,0.0182390729692569,0.0140265326785552,0.0100808969192639,0.0095626630710548,0.0258043193577721,0.0021746037736069,0.0021554048284344,0.0017704137661357,0.0098066792881931,0.0153389750076715,0.0240938326979759,0.0364067842933398,0.0104498439927981,0.0262171466844291,0.0108756288583785,0.0051155430559421,0.0016017915738765,0.0257366887428509,0.0095771049878827,0.0150422381261508,0.0175150068383623,0.0602305836926028,0.004031514523833,0.0056113059257804,0.1042497168235549,0.0009759345370204,0.1153476208550329,0.1229423777952204,0.1197242113286095,0.0689966622076789,0.0747295338470574,0.0524181262196042,0.0479912031284206,0.0539151638479238,0.0477031560966842,0.0546614886036886,0.0558203369323613,0.0411468881250092,0.0697565354445796,0.00697178725916,0.0829178117359498,0.0126678581947875,0.013389888048713,0.0400985108359681,0.0814494282943941,0.0080889148356964,0.0091614916353259,0.0095866722774002,0.0100708508417447,0.0340197367776142,0.0235952090168913,0.0264723456583012,0.0115284417886791,0.0065927043941663,0.0050035434417373,0.008512903391569,0.0249315886901128,0.0293855887527624,0.0294729441348408,0.0019041377057088,0.0012934718576327,0.0037895243111953,0.0119512868429079,0.1469514528080873,0.0052591298778079,0.0157029468248331,0.0008548530280495,0.0928330906665065
0.0973635544277842,0.0563471427627383,0.098897061572018,0.0436056671379722,0.0524113126176625,0.042482838117653,0.0223400415343153,0.092450562721557,0.0847020147882374,0.0490533348639234,0.0555125270638921,0.0500469380517991,0.0477105677534705,0.0381257972897223,0.0432390196774812,0.001942517778553,0.0481184736032611,0.0449341252965666,0.0137635058355825,0.052159883733749,0.0915051661356752,0.0113865728994609,0.0500523345801753,0.030355348690807,0.0826287048097024,0.0003709577164664,0.0411554971498057,0.0010823104872084,0.0825163974645057,0.019584290042138,0.0466164119469204,0.0239269902497977,0.0342083936156861,0.0855525862817438,0.0255641857495278,0.0221753232280633,0.0698343753538193,0.0357770987783886,0.0225364269531465,0.0265080152631676,0.0172478003545245,0.0230049609379863,0.0174025960588509,0.0130753973478639,0.0097268227411914,0.0091921643509924,0.0251260055192232,0.0020385810481311,0.0021308101745948,0.0021853716634349,0.0096160410046917,0.014201825036658,0.0224855029701835,0.0336521306093584,0.010135287850878,0.0260869964751608,0.0103016663481854,0.004958066898399,0.001721272968026,0.0257141588754249,0.0092885735945857,0.0147612590086367,0.017357031419665,0.0591641048989231,0.003837344525529,0.0067849272145335,0.1005933216989661,0.0009303117157186,0.1116365393658239,0.117464945028409,0.1092032645255572,0.075171926697893,0.0755502052445485,0.047664125105718,0.0465705910044741,0.0596099522431931,0.0584559731818141,0.0513671661180234,0.0539539855154257,0.0412097346473391,0.0684502880065495,0.0066503397281693,0.0806052048699903,0.0128185349960718,0.0126452803474986,0.0387183184084945,0.0771710439167413,0.007588323623973,0.0087814136100305,0.0093879059134893,0.0096294860444618,0.0315977751858052,0.0265875937793896,0.025512833572379,0.0111688861646107,0.0063881066901892,0.0044778036433355,0.0081187771079914,0.0247080592752711,0.0287302975261281,0.0277205150419911,0.0018614442877502,0.0012003483040685,0.0036408265844298,0.0115800913185187,0.1440119691393371,0.0051833029051737,0.015276911667608,0.0008390902901871,0.0912920951900736
0.11826381836679002,0.0557279997143166,0.0992340529624217,0.0434235353930637,0.053055174561986,0.0425198176028757,0.0222522136991402,0.0698579247489943,0.0834127857219827,0.0497870930685566,0.0554968987959433,0.0513667016478894,0.0741484400847933,0.0377723046762129,0.0431797173365496,0.0019156419568551,0.057492271278681,0.0465761434717878,0.0137708787514168,0.0525679806235974,0.1345918454903536,0.0113574213089416,0.0840811978747544,0.0304038792591921,0.1031902886549941,0.0003718788492114,0.0411900542305688,0.0011355280414041,0.0671313324934428,0.0194375445264706,0.0469827750747514,0.0237626862219159,0.0402696885150801,0.157760824935259,0.025533549148651,0.0224015553216917,0.0706334559999844,0.0354575963771386,0.0223520293810828,0.0300458468877004,0.0218561559836863,0.022795010924805,0.0173864214761526,0.0130808813713922,0.0099902987766621,0.0091062207954369,0.025066759254485,0.0020293374755687,0.0021408803012963,0.0017265003191652,0.0095752075142901,0.0140879779384934,0.023663738201291,0.0341619233914377,0.0100535472258808,0.0357134399022241,0.012089768952902,0.0049265369231159,0.0019167959407711,0.0256236182867034,0.0101698087018576,0.0148581811715722,0.0171827851245101,0.0580106099250627,0.0038259611340611,0.0067574736113809,0.0997866620162665,0.0011744917960293,0.1114281781896468,0.1182729384207633,0.12504629625013192,0.0652073258252532,0.0755034198194735,0.0471450670142945,0.0464530292936484,0.0504891503022202,0.0444605985331184,0.0513732090406018,0.0542534212504629,0.0409264368523805,0.08431734820075967,0.0065493722344606,0.0812644685888992,0.0132896938732794,0.013525054699163,0.039569926502042,0.0776084104607606,0.0075481946097699,0.0088162067448466,0.0092790776965423,0.0095781386323706,0.0316967577356806,0.0287085218693489,0.0252484437023328,0.0111844104024737,0.0090389400052456,0.0045006371206835,0.0082259665579363,0.0251016746395464,0.0278961748816661,0.0275210097100839,0.0018538969025174,0.0012048650690685,0.0038612490970468,0.0118137095156389,0.1441493861263121,0.0051862722928649,0.0153545774143329,0.0008477348988853,0.093257897209074
0.1217945364428345,0.13077041396402608,0.1019680442897444,0.0452833807112639,0.0547924138744926,0.044643392001807,0.0223729084996615,0.0986661687106819,0.1067682585674363,0.0542704507676555,0.11479726044355806,0.052302235225788,0.048982123219797,0.0405057806082511,0.0541222013129036,0.0019707754816566,0.09737187457019385,0.0489769445061144,0.018018139079242,0.0538288299728582,0.23682957301638205,0.01215966540856,0.0521269288476089,0.0307404622334758,0.0838385571135054,0.0003844142643933,0.15238557495144084,0.0010213128430086,0.0708017127871047,0.0203525097458784,0.0476104266274478,0.0208989534917402,0.03588089073058,0.180629251435567,0.0258543189324579,0.0229436730367775,0.0715420553133905,0.0359936376589484,0.0219962784381945,0.0267575077284415,0.07619291342653704,0.0281854315163952,0.021984186044202,0.0141766578226427,0.0104937423475272,0.0099469795712508,0.0382268078630897,0.002052304198166,0.0022140915541874,0.0017603182155976,0.0097695355710206,0.014484281128307,0.024269734229717,0.0420679903499679,0.0105829375176495,0.0277538090697564,0.0120860246481145,0.0049238442805986,0.026437499530206673,0.0256985774717844,0.010517795048925,0.0153842523785288,0.0180821208414388,0.0760192451172421,0.0038735169643194,0.0070766723630798,0.1025904759080128,0.0012160815561412,0.1661551208780447,0.1211320634857684,0.18466351609540294,0.0666384358869097,0.0765200395855138,0.0478564422748093,0.0482442749028697,0.0511612711826219,0.0462445220726062,0.0517064994628146,0.10066649844340636,0.0619315030151352,0.0712562360826042,0.0069479089923406,0.18775461810518787,0.0132026005448775,0.042817759043084075,0.0430986625774274,0.15779368272107955,0.0075157995510313,0.0088331752088061,0.0092631702691881,0.010007659386159,0.0323387302734441,0.038611316407105814,0.07514256469718897,0.0114561737848341,0.0064022939183656,0.0047764297098272,0.0081880401403953,0.0266290549485504,0.0291342581114911,0.0286150712076397,0.0018641337477865,0.0012601362799564,0.0046864404905477,0.0127602727283444,0.1599120444217263,0.0065906205323479,0.0155779701881186,0.0008709096336297,0.0970640079381695
0.2536008478042844,0.2187520882422722,0.1033342470324871,0.0449169281379745,0.0543177141826999,0.0428987657930299,0.0243036601194988,0.18050077219615507,0.0898374997129338,0.0514516611511522,0.05779802467802771,0.0539858826476607,0.0486190679307401,0.0375860451121541,0.0485610040845973,0.0019862596399717,0.1228973261248163,0.10200156629562973,0.0145325931185531,0.0548520479039677,0.2594087408768571,0.0116259228005662,0.0523752077377069,0.0325901030898303,0.21869029356076788,0.0003725165564964,0.09440670723773738,0.0010079780295267,0.11829556538201932,0.0198372836226642,0.0501969423194632,0.0191500668286447,0.0332449709727777,0.2457752742542445,0.0260237347626795,0.0240458391725149,0.1275721216542975,0.03917948386459,0.0219972666352581,0.0278370150618886,0.17069165285442514,0.0300418639114282,0.07288679549642556,0.0135041794374837,0.0128310297589609,0.0096988669037991,0.0282611389925164,0.0026135845898154,0.0030397783094141,0.0018675889347405,0.0096870486406109,0.0144636253256864,0.0233942936584506,0.0359489488091942,0.0142052014674535,0.0272812636945667,0.0101454894248109,0.0052368422583739,0.0018872353402703,0.027124065345376,0.0105251783438376,0.0165773601261926,0.0173046687808833,0.0575723455053714,0.0039738473716406,0.0051569447444011,0.1011565105214738,0.0009846254998665,0.216931394475183,0.27194728055615863,0.2268197347685326,0.0820647568325093,0.19306558900167498,0.16344265642157624,0.0513807495542868,0.15418587567278097,0.0464698815462058,0.0760046263106615,0.0607555106390395,0.0407082649872975,0.18327361088280475,0.0066087042730805,0.1908638991115214,0.0132903350511572,0.012902666651229,0.0408391097653699,0.1449460162877918,0.0077348310067366,0.009026522293556,0.0094747084617921,0.0099445376014174,0.0369866680083089,0.0232702685071775,0.0267561196108913,0.0114253929683816,0.0068321557610651,0.0047167614784688,0.0088830540100838,0.0251886263094564,0.0275873536281203,0.0294508483830274,0.0018830585346389,0.0012270887875193,0.0036434182659421,0.0121942653684602,0.1410363231055934,0.0059290495616871,0.0160898526745479,0.0008339965830788,0.0945744077602602
0.17022192639383985,0.058162798345141445,0.2133613214689433,0.0469825473025858,0.19347154518916976,0.0482336972700689,0.0350898677691137,0.25279252892561854,0.0963908017458178,0.0581086370889467,0.12459863633132871,0.0700906764855133,0.0501371424205003,0.041192737925156,0.0472707774778427,0.0026518127010953,0.20965024426295956,0.17400898576133805,0.0185594723840171,0.08193846391037898,0.24459930362692078,0.0134810763209126,0.0570860410534728,0.0394918804818866,0.13909797738704532,0.0004034592230207,0.1517036940337994,0.0010267893309444,0.15749140095408978,0.0204547542604672,0.0568821704743125,0.0241421420505187,0.0382745194542301,0.580300923306528,0.0269839864319519,0.0245072687125545,0.14299990353868375,0.0363530061587386,0.0236155381465743,0.0287294538802158,0.0237582692365882,0.0303061924090361,0.0185118098982041,0.0128312440503639,0.0125195421329497,0.0111170114923333,0.0462963726912326,0.0022547562133836,0.0025223360644042,0.0018556032158143,0.0100008433550022,0.0205803849226451,0.0236360820067051,0.0356329261852913,0.0120335391566488,0.0371139451455476,0.0095975399794575,0.0050698984223023,0.0020679654976928,0.0254366414430181,0.0120663440082365,0.0171003048117642,0.0189094209507779,0.0616010885304508,0.0071755485363516,0.0069922059675395,0.112311981428839,0.0010766379921331,0.22297190164099032,0.24680846605703155,0.20970936244157057,0.0690936184622463,0.2690196892745827,0.061297990695046385,0.0490537456140509,0.10825319645495388,0.0483482217458867,0.0652133611061014,0.14915838189299707,0.15346084548296718,0.0809084403058999,0.006649188238145,0.0902117933068559,0.0141499408593355,0.0142636549936908,0.0434604104640764,0.13059834462517658,0.0109514268615737,0.0103619715419676,0.0092897846187999,0.0111961743154171,0.0474542140612782,0.0239979051368678,0.07798505624341066,0.0118471347636599,0.0062343930998684,0.0052467749223635,0.039157477082116074,0.0258814826645683,0.0280365944302306,0.0380102706874342,0.0020661248693619,0.0013102116677807,0.0041895179565924,0.0116861750407502,0.1501595711882172,0.0053022075166312,0.0172025478917479,0.0009263690023697,0.1020369726016202
0.2469347682309267,0.1965916652263783,0.17661460083820502,0.10967087359080102,0.12094709573728048,0.11442369075352943,0.0284149522958045,0.20514138918335534,0.1030124161759786,0.0748035808332344,0.11886029185089114,0.07175945553601,0.0650799878409428,0.057476764041721,0.0545244955716556,0.0022469923149406,0.20223450346603328,0.29689978164373926,0.0175794505870982,0.12823621138764207,0.30988429228234493,0.0203933595426189,0.14320267381619817,0.0426377571647849,0.22239122287854668,0.0004408929487213,0.1072780937287755,0.0013956959897091,0.08239147314469852,0.0256241075726079,0.0663081304251498,0.031498638709416,0.0410772296040256,0.5936374153230055,0.0367975298605653,0.0269550007744761,0.11450085347237277,0.0427218305053785,0.07258675651120264,0.0362315113425493,0.07278703770826545,0.0301698373371842,0.0208072062807852,0.0160230599943307,0.012920000390019,0.0102165022057225,0.0316158190015563,0.0025732328403603,0.0025981245061193,0.0019867867629372,0.0128689450834302,0.0203968845365739,0.0272505026138338,0.0447599896452645,0.0119964771249498,0.0366431796022795,0.0124110894242737,0.0058587992501486,0.002032247481677,0.028001887936957,0.0127992331769346,0.0155466955548372,0.0214793319287252,0.0804183374945545,0.0052960821089578,0.0064147489844141,0.1206974297738083,0.001130232263017,0.3322712194250353,0.38455538889733903,0.162834010948999,0.136440763306523,0.2266804390438925,0.15871986718272302,0.0606645350389533,0.0697580131716797,0.0525452835019156,0.0566249736014944,0.17406548567848018,0.0529258894319469,0.22475244598658115,0.0094073098700058,0.0910631643999149,0.0178568038968897,0.04885575755613204,0.0469710752801823,0.1615980545885426,0.0095418769972267,0.0115548234235265,0.0119862465113631,0.011869194669285,0.0440285694137323,0.0275084132021193,0.0367821982122515,0.0142731091989066,0.006498197346629,0.0064144976765747,0.0087427753381808,0.0329046326663697,0.031036790364596,0.0288478274281981,0.0025452571031608,0.0014890714462759,0.0057857345999881,0.0126245479660776,0.171955145174961,0.0058417753843307,0.0197728691005336,0.0011545817742077,0.1275526463097797
0.23901039791051867,0.20473118981633265,0.3219104061204846,0.0941901323861402,0.22126130020695717,0.09385411007750481,0.0418078754858768,0.3029036633300557,0.1491299816317161,0.23638005907544035,0.16553983943805636,0.1069708891379544,0.1056339187141151,0.0853589529052146,0.0845314800830327,0.0034346662338483,0.422146848822634,0.6330628019415101,0.0261178631323249,0.11609212368762507,0.4545086775493944,0.09096089580007163,0.11202156732954109,0.0833606442146332,0.2207412473320657,0.0008718567642081,0.21328823805602154,0.0020793790050533,0.1217639638837063,0.0356369867979888,0.1058286039714082,0.0460080679842455,0.069828046382903,0.30023172002669707,0.0503464522826481,0.045455864626854,0.20751555175135544,0.0618027777699738,0.0507792966696337,0.0525176556018148,0.10302593444252947,0.0461368731497658,0.09368769399286526,0.0230801985218348,0.0181843673128778,0.0163432451794112,0.0452820319247539,0.0041419915369065,0.004270624601501,0.0027383997678757,0.0188684343589195,0.0288518329534325,0.0438405589866691,0.0610611334252307,0.0215870630396074,0.0446016980397961,0.0200364646584067,0.0098520315329994,0.0032631423762811,0.0449380314560806,0.0245307059014355,0.0270854625655115,0.0369468708404877,0.1243668143505169,0.0078174870105028,0.0103930109350562,0.219863717640974,0.0020490317665125,0.4065111434653603,0.47565711661158316,0.44648594546638826,0.11045570756271736,0.3278706918096229,0.14599304321159512,0.17615856925744489,0.0941661060043858,0.0741312062919745,0.0903839930062403,0.10770955503452088,0.0767463495432208,0.38230268032523507,0.0176576752892926,0.2837075489319967,0.0238600455038051,0.0258063690622316,0.0769622662609016,0.3059401597921194,0.0182141217757491,0.0250815691679285,0.020395004384394,0.016556370375995,0.0713223005236685,0.0463664683689459,0.2461803947319339,0.0277287869765441,0.0110691100151986,0.0090304978362615,0.0141426980071839,0.0531130490624217,0.0687025535843409,0.0467685547581614,0.0037722986030786,0.0020280686400191,0.0084951432449337,0.0254502454900262,0.2518409090766941,0.0090787092098814,0.0352762564570645,0.0022052323322248,0.1734021333683213
0.3729557776062514,0.20921544935768074,0.36202112777209616,0.1561587073244783,0.20555469487732297,0.1284198665737115,0.0529019370442344,0.4142919725351534,0.190497826288556,0.18266832781597095,0.2865923019428573,0.1120061804863345,0.18008576682775,0.102666739027099,0.0961186766712712,0.004592009627544,0.2897557430045565,0.46090954746280755,0.0360729123340359,0.126105339770572,0.5070972466216497,0.0482374776015006,0.227952501136928,0.1160997309310651,0.413429277451231,0.0013093424459863,0.41885643126887095,0.0030211871517742,0.24537821194234377,0.0479523693767533,0.139086944839778,0.076656303635667,0.084180632334883,0.681628937328458,0.0655259734916953,0.053409849314978,0.30881409505338264,0.1035678219103883,0.0535434814958756,0.0933573558119306,0.22512439531408449,0.0605809025376148,0.049063591298351555,0.0347200384606733,0.0235915031650464,0.0244483602119908,0.0797669351353078,0.0060434655173958,0.00730127139002,0.0043669483376255,0.0377737664501297,0.0430426095375261,0.0525246040866367,0.0786725180066203,0.0370763225671755,0.0663069708029227,0.0324795777420474,0.0129189947899043,0.0042392053710556,0.1257433628194359,0.0263572942033787,0.0428065636393475,0.0448703439241586,0.2177712555641307,0.0103434909326695,0.0153374939453252,0.2997438208924471,0.0041850110306048,0.6149121518340405,0.5296969394319253,0.3868193015410315,0.1151107547314113,0.5004602431987083,0.18166688275153148,0.14652346003872876,0.1076395510267379,0.1122614089695916,0.1556745175852669,0.1453122222696511,0.0862335693778386,0.3138521806841168,0.0192558222335284,0.3074025572031277,0.0590031118493171,0.0423420666952103,0.0857887856147142,0.2956925172860539,0.0241907912274794,0.0308510804251418,0.0264711827655881,0.0301959708643419,0.0868091102771781,0.0622646142668207,0.14711440750595178,0.0328405437818484,0.021887150775858,0.0105173601553305,0.0205490377745579,0.0715196571961441,0.0685768882637053,0.0588454920381411,0.0042895620294342,0.0023641920928298,0.0105379066128904,0.0283570174819067,0.2530662966447567,0.015655300461254,0.040089279854482,0.0018146331573332,0.3239036865152978
0.4236784668119048,0.2910625106221659,0.2930164703284267,0.1705746976240025,0.1523145866025731,0.17228558192587054,0.0729162755918023,0.2461145505526855,0.1543612378584771,0.27597740463897796,0.19951895242573617,0.1774277970868358,0.1013534520344937,0.1118532075978185,0.2192407544240338,0.0047189832690132,0.16748772807269002,0.3560703345419125,0.0415017976261256,0.4046412448314889,0.4332975043705142,0.0347551207560603,0.13431275968122391,0.1282028894024593,0.2740958211296595,0.0009099312779052,0.35276976893145706,0.0027315504826715,0.254044298781906,0.0559183565352226,0.177885878790766,0.0594074938370271,0.1166011248122994,0.790960247397619,0.0557823912561288,0.0825447660810097,0.25649868928998387,0.0798434779884886,0.0859658318730618,0.0721220293156899,0.2018809638423568,0.0602476809977068,0.0488748480882988,0.0299548790165324,0.0263543848451693,0.021425227315645,0.0769736414310129,0.0074258773463043,0.0052048078245063,0.0052648222793874,0.0335278214030105,0.0425519141334115,0.0653196611700473,0.1125877970484549,0.031321578412113,0.0568823158199729,0.0303314306717092,0.0109926262173775,0.0056946957510904,0.07136035521445236,0.0311805287536861,0.0524139560483577,0.0433556732430156,0.1608324302973929,0.0097301903316094,0.016050923198932,0.326490957739854,0.0031197243069383,0.5320707848838473,0.33607437911633276,0.39454075913476505,0.1697234874308446,0.39206870726713994,0.23530430773256594,0.1311809209286239,0.1720491088332243,0.1019024540837344,0.1418060102676683,0.1443760916032718,0.16518609597063194,0.3206968181272048,0.0175283447781436,0.3668908017122387,0.0432224419207624,0.0357879860000583,0.16124233245534425,0.20332386342147962,0.02562208372134,0.0254151785098118,0.0214220276629472,0.0181817214976704,0.0821181858349388,0.0596131293994361,0.18281482335428523,0.030422956003838,0.012797382512185,0.0194510700965236,0.0235070179256208,0.0800850329140073,0.1012854852825873,0.079655614330963,0.0053059807899637,0.0033150997348045,0.010133993049206,0.0308299967530078,0.3501643130729257,0.0214315771779632,0.0336311655104071,0.0029819328733273,0.2341221878013632
0.24024524748235926,0.20636292553424695,0.2938152605443024,0.1987943187054842,0.1085646273102676,0.1204333961661449,0.065932045455735,0.1938823073573701,0.1955978155558438,0.15492976386276755,0.16384471746038048,0.1530647967683778,0.1393487567917199,0.0968459607510113,0.0880687845813026,0.0050012768371965,0.107263500953602,0.31417020041487553,0.0382012657721549,0.17705152978389865,0.2701261776419052,0.0234055627050876,0.1347081084280212,0.1000830778617784,0.2705558972857848,0.0007465026123887,0.1365491931903298,0.0021858836561487,0.2937488017223338,0.0778482650874986,0.1560539124654363,0.0419253723187951,0.0784319617674696,0.5469729424652022,0.0621623490730442,0.0684569540718796,0.33862181484497234,0.1027042476463275,0.0561537052196119,0.0862467188839511,0.06269885949948159,0.0597096202044322,0.0420345334035531,0.0327036315596078,0.0216090132701491,0.0308903307852081,0.0941020719230203,0.0050953771662123,0.004246523113424,0.0043558417667867,0.0199897154457502,0.0272995253681204,0.0766475164598022,0.1236238327607468,0.0171567368690096,0.0617503786045894,0.0344275030405895,0.0143320240954264,0.0036629488723007,0.0705123788177589,0.0304412277762482,0.0304142562905644,0.0562518220062439,0.2394022045495693,0.0088946363510022,0.0116969356086839,0.2431182173444904,0.0029724418352652,0.3310489457305545,0.31890970459488394,0.2764441098436145,0.1472698486426803,0.19991984049806227,0.1537511666748937,0.1305702282246784,0.1459399589750721,0.1020072083344596,0.1115365462318921,0.0885707264576623,0.12436261151212176,0.22330448397855462,0.0147326482086481,0.26700407426873984,0.0324502261217075,0.0403324855825433,0.11038428375678906,0.1904125867452313,0.0199368968364127,0.0212416369086823,0.0306770912624261,0.0248276929858501,0.0971640990305748,0.0543259334758182,0.0790525711438169,0.0224098618935508,0.0116062138976568,0.010853472198003,0.0236038319415618,0.0664132613227483,0.1001822251700434,0.0591237268934999,0.0042453337887323,0.0034126577433004,0.0082312452749487,0.0312344409440154,0.2497910195867818,0.0122854327432703,0.0322860659213281,0.0022243255708887,0.2520427882053435
0.2411181632407927,0.14120374377404876,0.2052134841793487,0.12479654539933088,0.1470362100396108,0.0903859168218194,0.0480416432465392,0.1659486630054964,0.158139181319642,0.1209754671055827,0.20076159109744757,0.1202002182062643,0.1161652803515728,0.0974988706207227,0.0925501182365644,0.0055708245734811,0.1272020949881025,0.1131093452205939,0.0326347143172208,0.0959448541061404,0.1757961286612958,0.0264184371212855,0.1249049716268076,0.0965920079424636,0.2098182113422095,0.0009264531337962,0.16580354956814342,0.0020300210709267,0.15573039254527304,0.049020855350747,0.1230584581162735,0.0476592369886534,0.0828474574976761,0.20960266675806377,0.0492247868803981,0.0476329193356065,0.23015218049565317,0.0792712990921747,0.0548052115066526,0.0581441478647293,0.0417031598960538,0.0535750729838452,0.0519528990629968,0.0295907627043506,0.0270473430935727,0.0186054131841204,0.0574366825992931,0.0054627736233654,0.0050184229833781,0.0038953879559596,0.022867574574495,0.0358375773629643,0.0573369852989525,0.0870896002718871,0.0207218373461932,0.0646935531659756,0.0362339330318977,0.0124184672897156,0.0046126050647651,0.0660356731042536,0.0275541651681666,0.0328419321781714,0.0436034343163471,0.1517143019046642,0.0089182185631261,0.0107332655475801,0.235561956235121,0.0030270964414855,0.2380132241003951,0.2717870339842337,0.2035988744320068,0.1449290476395524,0.1815235963734183,0.1066380858749827,0.1054743926339625,0.1135439841133365,0.0878857150812724,0.1075649515772395,0.10432695603644,0.0843413354853051,0.23428634209427357,0.0190565538545884,0.15335653475738759,0.0299633108596583,0.0287237936164265,0.0960109870468114,0.1864187222071068,0.0216937450782269,0.0229380162826918,0.0251602730911759,0.0182872728264603,0.0746121976742424,0.0518078764933475,0.0696328086127246,0.0244306001887185,0.013422793511757,0.0110846153670921,0.0177924672308801,0.0660033160107094,0.0795535250763103,0.0499241713520919,0.0040774185482453,0.0027659578251389,0.0085068382077577,0.0233575295614829,0.2746676270709645,0.0116801510349282,0.0346808981146134,0.0020262179141397,0.2327324078648534
0.2060052367083395,0.1301071712267018,0.1967633259498598,0.1164320960997014,0.1142605484369136,0.0833572516948742,0.0577766557878315,0.1270754464274005,0.1530264671940379,0.1004544367041557,0.1274664516648246,0.1038508787865687,0.0766167333557888,0.0810325905221218,0.0782855010935638,0.0046411727160157,0.1099870106495146,0.1211480557123785,0.0329334326103218,0.0908181369274198,0.1521414203343782,0.0253573767624189,0.1038512665782881,0.0656488131733145,0.1746439147415276,0.0010570044459527,0.12031249634791942,0.0024553964052966,0.24093150745953384,0.0439506668991413,0.0969859484552855,0.0401839225748563,0.0633315462610271,0.1614006724255532,0.0429666895729404,0.0438363785603239,0.1637878710234036,0.0899898302766576,0.0493230894767444,0.0530827245186822,0.0406677265760226,0.0479644808594448,0.042309083001251,0.0265155965108507,0.0174394191123826,0.0177440036599752,0.0600312218532023,0.0040030890830554,0.0042558137200491,0.0038828747481808,0.0203930486571667,0.0249044129991381,0.0505268507365505,0.0669619543146827,0.0181757856982255,0.0489640660796828,0.0237795870338944,0.0111993516751561,0.003273154434029,0.0571431133752441,0.0287710487481124,0.0296504335226343,0.0412843906699642,0.1198292389059655,0.0081401686488737,0.0102402749599949,0.2014361793685202,0.003098678543968,0.2155186641479746,0.2748042244999871,0.1784553995470086,0.1325758378410255,0.1295191195271744,0.0949372713893249,0.1140572949418745,0.120955762530593,0.0765819044207822,0.1408103225628151,0.0988933794286802,0.0895667144688682,0.1535650746863511,0.0144155036140639,0.1552727672170425,0.0341366308033162,0.0292805144947167,0.0867933540100205,0.190310027268192,0.0185233340706454,0.0196047249955218,0.0225295058144648,0.0218602723945517,0.0573103307633027,0.0433417936871499,0.0543755070839113,0.0194136839859911,0.0131440200636134,0.0098265762381303,0.0157973694179422,0.0600155271125676,0.0700390831281052,0.0460284543333443,0.0037586823315858,0.0023470201548231,0.0069506306477074,0.0226400018851026,0.305573017404763,0.0105374101544933,0.0344385335553682,0.0019561141374632,0.1653869302908506
0.1316061002958565,0.0847949207094268,0.1364949927691347,0.0814172681410429,0.0903497491466138,0.0578300567521357,0.0344509704816339,0.0971241673054798,0.1070428476153139,0.0705306708642041,0.0914910981566472,0.0819634623022237,0.0597375930603762,0.0556615677884027,0.0570007689970417,0.0026504131032614,0.071595298960684,0.0782029069560316,0.0194542448416014,0.078545048066156,0.1132941748998005,0.0142478398662807,0.0758673045940119,0.0398454230634017,0.1443141945104974,0.0007344477882042,0.0811229456954433,0.0018202976614975,0.1286671320730562,0.0271691700114397,0.0719829634324695,0.0299759727499724,0.0523506524845412,0.1261499471761163,0.0361331271579688,0.0313064396613648,0.1190008204922738,0.0670972251012794,0.0339145279431898,0.0387418894813206,0.0242697140908372,0.0302287132902477,0.0235375037274698,0.0185235462222598,0.0136030127345439,0.0132542121008904,0.0363664751503126,0.0033261751538707,0.0031707854079708,0.0026532982330058,0.0143043488644948,0.0172300617743364,0.0411013755964349,0.0478737599473175,0.0132912925968076,0.0392210436617535,0.0166940814295207,0.0066741922059876,0.002181402111977,0.0348737080614084,0.0160297161470718,0.0225657360641931,0.0302589489481828,0.083574265785503,0.0060924628713619,0.0079715059561019,0.1548673953018674,0.0018808739429053,0.1865329965629368,0.1923879686830799,0.1768098303277935,0.0947503880752673,0.0978679538388273,0.0801125916292326,0.0851586521021228,0.0676192180307381,0.0626416635882577,0.074267053649251,0.0717455901036796,0.0574212067416054,0.1055670021215261,0.0095981541903471,0.1135458258222771,0.0196875804639843,0.0196150114397814,0.0591653028811574,0.113023190393503,0.0115749587804467,0.01309724123005,0.0158411973921998,0.0130758936888494,0.0506951855514851,0.0335906092077554,0.0386308987357971,0.0131842712743084,0.0082346805622844,0.0067605815587307,0.0109265237788502,0.0367922206203202,0.0487316885496437,0.0359118178307498,0.002561379782436,0.0017817763380391,0.0048017703178429,0.0191471368285772,0.1954555163685372,0.0072823157259621,0.0217786611182398,0.0012704309589529,0.1240341568911565
0.0780451774674146,0.0455044513808164,0.0745813486823206,0.0389451084251094,0.0455198515265016,0.0352754998343839,0.0184865724417254,0.0632026416735771,0.0621716485451868,0.0446836275816788,0.0534399429409221,0.0431425359122766,0.0341099580788005,0.031542289436799,0.0366083768549426,0.0016513305633741,0.0399086808226554,0.0369544600302587,0.0111109841623652,0.0462029444447431,0.061680676252152,0.0099675425162248,0.0424686213989524,0.0265211728713504,0.0861541804673981,0.0003327661357315,0.0420460370931507,0.0008468910486706,0.0629449806350423,0.0146046434197163,0.0386702873564824,0.0162289141645145,0.0265687620980828,0.069147682353576,0.0216614486079852,0.0174975073494393,0.0772863770142918,0.0286095184286238,0.0223593420393533,0.0206529740752588,0.0150245706463715,0.0191522657593945,0.0145073457558552,0.0109510237335847,0.0085089016026223,0.0069695516399619,0.0203292937835384,0.0016961244607954,0.0016741545869723,0.0014895845620526,0.0094283545397736,0.0126109679592459,0.0222898760643628,0.028220759188296,0.0077373272871993,0.021988488517654,0.0094245136845392,0.0043715051268112,0.0011660167603973,0.0227061057347854,0.0091219637159646,0.0124871904760326,0.0186156576721891,0.052048940409747,0.0033656676658826,0.0041724617747126,0.089050550170584,0.0008961727048004,0.096033853812812,0.0932567563479298,0.0876512444614961,0.0497818984856865,0.0568316318804467,0.0380062344451283,0.0481913272621162,0.0394777725348395,0.0322181346523143,0.043706134809113,0.0398348026196473,0.0323568413697089,0.0559857067488912,0.0064341020225556,0.0601344870264257,0.0125888864528378,0.0109715961293981,0.0334711991962617,0.070198322826159,0.0067848677977818,0.0077552885624225,0.0077096723276249,0.0075214553149606,0.0291124647620758,0.0177408981888272,0.0219157338826369,0.0084658843812914,0.0053487525881944,0.0045363729372815,0.0074158414542324,0.0200591140164992,0.0281594615352246,0.0205531251018273,0.0014334821993542,0.0010752061339214,0.0029840296971875,0.0100436324077428,0.1054773530023568,0.004313960865343,0.0115863065274385,0.0007172984471488,0.0765322113551046
0.0738977470108594,0.0448478932309586,0.0740056880954191,0.0380839229870444,0.0417897288232255,0.0328385151448518,0.0170342177619273,0.0566694911221299,0.0589609658731739,0.0410468142423423,0.0454520593993445,0.037003072352759,0.0326718729784621,0.0293165210261468,0.0358550768485145,0.0016160571546723,0.0361786300002012,0.0360127697722139,0.0102922448993226,0.0403161468086799,0.0599064724997206,0.0087821084307021,0.0394297912336903,0.0253762689247171,0.0689283638953741,0.0002962812691796,0.0353300471903507,0.0007567028544889,0.052892410780291,0.0143935331343228,0.0380170662943191,0.0154374876049491,0.0252229559747353,0.0636634599513774,0.0204247816367723,0.0165839951265167,0.0609998695297192,0.0269844730017994,0.0180596966157231,0.0185043295108333,0.0147728621749377,0.0192227942448351,0.0132103115467208,0.0106665400130536,0.0079404479873154,0.0068426861970881,0.0199161349260438,0.0016431694556735,0.001559899215772,0.0013424151722054,0.0073421567560636,0.0113964788202809,0.0187020948799602,0.0273463484271875,0.0073495893369243,0.020551051761957,0.009021212645188,0.0040016576481467,0.0011675435992039,0.0203840554733425,0.0085814288094646,0.0123694701491012,0.0138108678542623,0.0472550917028338,0.0029017863092758,0.0039140010830858,0.076559022087362,0.0008215989419047,0.0886464176970902,0.0878518477291087,0.0745607413226394,0.0438492480333992,0.0547323423364958,0.0345334225546108,0.0407239150805879,0.0385020861413929,0.0303832123328682,0.0405610260271162,0.0371434269538067,0.0290357445757062,0.0536590082921586,0.0054489113996698,0.056012411655376,0.0098362029604381,0.0096615671677957,0.0294706741732573,0.0614073214587764,0.0066806053226976,0.0069812775274978,0.0071450351345682,0.0065127608342877,0.0264028881610573,0.017300159347839,0.0204966387233778,0.0082284706056968,0.0049240294265667,0.0037310146194852,0.0064275112610844,0.0188954461804113,0.0247079897328277,0.0193648885067369,0.0013607400498904,0.0009669272390247,0.0028839259987768,0.0085331094069977,0.0991293081303704,0.0038496174858185,0.0110598394809372,0.0007159189014736,0.0723153243912695
0.075057993423054,0.0454034818605026,0.0737487817177937,0.0384368032428046,0.0408997262979724,0.0325016723091592,0.0171424961533178,0.0559799121021756,0.0588672037592645,0.0412853504784775,0.0453417422138239,0.0368712133750292,0.0325205137458924,0.0292417501617218,0.0356467172722684,0.0016188563503403,0.0361307773745184,0.0359113221633176,0.0104641259997109,0.0399807421773357,0.0607380689271838,0.0089169345368536,0.0399121247024745,0.0252789468709126,0.068159934213703,0.0002952461501083,0.0359349947076185,0.0007524259781962,0.0533557201096377,0.0144726802435075,0.037916386350793,0.0154930050712124,0.0257867706561036,0.0632891954562319,0.0204922278849712,0.0167861924445994,0.0617523033361336,0.0268860983845384,0.0182124718817523,0.018491316048912,0.014710478613579,0.0194646353992591,0.0130965317236018,0.0106276948463947,0.0079404479873154,0.0068234020423963,0.0198229058981352,0.0016097859378424,0.0015590401528307,0.0013587673266328,0.0074283334597023,0.0112673800539022,0.0188971117226651,0.0273827185357412,0.0072778994323879,0.0205793065937127,0.0088582368525941,0.0039591833839225,0.0011690704380105,0.0202909881705172,0.0086328204280014,0.0123633530420436,0.0138280262330721,0.0474285934767309,0.0029253685213998,0.0039432363360005,0.0762687632326849,0.0008219681658164,0.0872413876036796,0.0865399044878982,0.0750725133498154,0.0431567033579175,0.0546910610790767,0.0345484907039416,0.0411277530185386,0.0385196962954646,0.0307908579861836,0.0408194771773956,0.0375248135215909,0.0291275721368307,0.0532703485399035,0.0054120637188926,0.0559459364052733,0.0098358823714992,0.0097380062390846,0.0293425618530078,0.0626711188855189,0.0066355878649461,0.0069454725118033,0.0072341320233548,0.0065467602062015,0.0265058300129277,0.016994889708502,0.0200760492114373,0.0081920689445008,0.0048149441642496,0.0037455857155468,0.0064321381438159,0.0190776205327349,0.0247397876378468,0.019515911897772,0.0013705263049964,0.000962966066986,0.0028839259987768,0.008656451234776,0.0998845849535185,0.0037996112757159,0.0109658105692535,0.0007156250337558,0.071212386303686
0.0752961533888252,0.0455710810135108,0.0723270745107492,0.0383155280184305,0.0408645633578397,0.0326129768983446,0.0172480356309295,0.0555934722699215,0.0594579050768939,0.0410355788399157,0.0452295864085445,0.0368876468381291,0.0325132733270223,0.0293792751445036,0.0356891905705032,0.0016190335146231,0.0362522494243286,0.0353188530422169,0.0104090595345731,0.0398557625048196,0.0604943704480457,0.0088567134880178,0.0407289450093073,0.0252074556035066,0.068159934213703,0.0002945776357081,0.0358777967808381,0.0007696464902611,0.0544929877098985,0.014404003958106,0.0382487899738633,0.0154999231355442,0.0255774932107281,0.0640284569447383,0.0205011445076145,0.0170303552437936,0.0614947316557707,0.0268046453486722,0.0181401358566984,0.0184368221771162,0.0146066175100837,0.0193705974186716,0.0130203996360736,0.0103718879988971,0.0079910816797875,0.0068527838056471,0.0196798205795223,0.0016182829141593,0.0015622059588553,0.0013639543003491,0.0074632633129374,0.0112296712049321,0.0188798266010489,0.0273989169874499,0.0072833959201399,0.0207586246598157,0.008835771023869,0.0039207915131922,0.0011713106359316,0.0201894984873457,0.008623008417657,0.0125611395035738,0.0138731409359773,0.0487195103449014,0.0029022103324537,0.0039482168569264,0.0768501473863814,0.0008330922195682,0.0875285881438156,0.0876407838625213,0.0745796653686604,0.0427737931728286,0.0545138268805575,0.0351163220155677,0.0406144301285213,0.0384517714154739,0.030990373483453,0.0404424917765385,0.0373274223330993,0.0290347676867581,0.0536537482353611,0.0053742463623055,0.0559916762562614,0.0099709571777569,0.0095952785422876,0.0295661936865919,0.0623118298788586,0.0066296049937376,0.0069731824804712,0.0072064469815172,0.0066293201564431,0.0264317345041638,0.0168128413703928,0.0202455472355419,0.0082290951440017,0.0048844839244057,0.0037470509654301,0.0064480518162407,0.0190918297080617,0.0246924723551784,0.0195607469669856,0.0013843397096855,0.0009819385377375,0.0028985366033021,0.0087442043138278,0.0982469464245311,0.0038009023138424,0.0109469573574531,0.0007260246857686,0.0711788694572082
0.49814483372128643,0.16525204991399828,0.13150354496715855,0.0382778757827042,0.1525245526758608,0.11928630902054255,0.0171423135590659,0.19329366448564034,0.0589234610276101,0.16442196232400091,0.16550084600195897,0.06470864826791681,0.0324188030998603,0.0296065919242957,0.0360670426481956,0.0016226122331352,0.25188025802930886,0.6614903649811337,0.0102122948432439,0.16818647945030044,0.5652655377388961,0.0088090544732544,0.09829178125180237,0.025095783112814,0.3215643883678338,0.0002981204539581,0.2678638696399092,0.0007647089582809,0.170142501119881,0.0143080727343276,0.0378896182705698,0.0153959792189579,0.0254520415733768,1.146074812155277,0.0202750281026358,0.0168386492959888,0.219183908459026,0.0267418347329866,0.0182652416049474,0.0184234020445098,0.23498460549415048,0.019232606903679,0.0132239762803798,0.0103079077244002,0.007968386935483,0.0067196168476575,0.0199226184795435,0.0016472224067201,0.0015836188980972,0.0013636465985184,0.0074532599277386,0.0111866783134311,0.0188692521737072,0.0274138929145014,0.00733160796985,0.0209332706671245,0.0088928224047105,0.0039643080906489,0.0011698588875581,0.020300252788898,0.0086710969832065,0.0125468662537726,0.0140453163923103,0.09299257607620062,0.0029073312277559,0.0039342066110698,0.0763779352198172,0.0008349194045674,0.38142506043839836,0.35889229460805927,0.3706016277013173,0.0430030031202622,0.35118744079999087,0.1520264299536599,0.0408338487414745,0.16149311739483158,0.0303415173843887,0.040008331031285,0.055740533812342175,0.15593315146397213,0.580828304072031,0.0054548506640056,0.2770059311034548,0.0099282119859032,0.0095844030646652,0.08750804488324737,0.16207038177013927,0.006635004170194,0.05385784461554548,0.007234896803516,0.0067016384926041,0.0266002876462374,0.0169017314355858,0.07825996951754016,0.008356857837219,0.0048598517683986,0.0037684598942804,0.0064805802039283,0.0187995872662667,0.0245813068792315,0.0194487665548828,0.0013948159309788,0.0009670404153686,0.0029259436352941,0.0087096881027341,0.0986498984916006,0.0038014617636973,0.0108321780554231,0.0007204656881072,0.0711648391493803
0.0998735316940268,0.06763497013951356,0.07628127892936055,0.0388229575673462,0.04746610644818597,0.0326408030456409,0.0170048200873676,0.06475329357666135,0.058613376322324,0.04591249653519202,0.04952775267148597,0.0374221256618051,0.0323726023318321,0.0296763558111923,0.0359356158385635,0.0016133111082892,0.05366250378826251,0.07520301132982256,0.0102830287545297,0.059019823514682754,0.10602920449371413,0.0088488502300487,0.045356099099786586,0.025383313684644,0.0816024150702471,0.0002982036331692,0.0655067771825028,0.0007653522282924,0.06831435222798488,0.0143040691840576,0.0380813895915719,0.0152906516895053,0.0253952007857439,0.13550475967833991,0.0202199279473276,0.016473168105945,0.06508850046760609,0.0270934594582401,0.0181039678441714,0.0184343821530059,0.022582152400569266,0.0191669847476604,0.0134059403357356,0.0103602344488994,0.0078395422716032,0.0067388250804804,0.0197480096766738,0.0016604300498236,0.0015753941658624,0.0013505619444828,0.0074191500241099,0.0112032509922778,0.0188200404156941,0.0274652389501065,0.0074188450825992,0.0205859809634187,0.009096000206602,0.0039437658340251,0.0011650781299835,0.020515444606743,0.0087154939012996,0.0124532065479346,0.0139470994653299,0.0473872077324986,0.0029198888372548,0.0039528734415319,0.0757653590697972,0.0008339916111481,0.09183013316455577,0.09945942658448267,0.09577213142652569,0.042537434377132,0.07261794755099912,0.0350084657887784,0.0408751299529094,0.04556314705874492,0.0302743230459301,0.0400269246392188,0.0370472923230842,0.04157968666546959,0.11185739724927513,0.0054958800717132,0.06528075775125451,0.0098833295344568,0.0096460307711922,0.0334116910620134,0.0615727399701301,0.0066595193497799,0.0069145712265192,0.0072366557978869,0.0065392357550403,0.0264458748684318,0.0168748231695044,0.021785641706932948,0.0083684564057374,0.0048834785302829,0.0037435506462644,0.006503153783315,0.0189204712951659,0.0243945895809591,0.0193183372626252,0.0013909718336494,0.0009656411442069,0.0029079962408218,0.0085978516786537,0.0985817066033273,0.0038800429510014,0.0107468050208554,0.0007139026424099,0.0709995933016292
0.074781445831221,0.0451246624744584,0.0741507926235224,0.0389696261600009,0.0410513070804368,0.0324753106959311,0.0169106014533752,0.0575757770820517,0.0590580766340087,0.0413216494709329,0.0456046648393148,0.0379628648523764,0.0323963922795481,0.0306697401528391,0.0364533092472364,0.0017892175246626,0.0362951940884029,0.0359818452222901,0.0103823327146736,0.0406145676593815,0.0603478886128764,0.0088522064986941,0.0396616906136777,0.0252596390103723,0.0684980137470415,0.000297753849287,0.0356692626727845,0.0007752272922529,0.0535740612878355,0.0142720407818972,0.0400114880327407,0.0155097813772171,0.0258298318588557,0.0644704454913863,0.0202425624509604,0.0166450358263153,0.062839377514673,0.0271556964609971,0.0186008333277387,0.0191057954540122,0.0150314278206764,0.0194351974227274,0.0133794474847643,0.0109932964149488,0.0082437980556079,0.0068496710090237,0.0197969716841366,0.0016616210485961,0.0015696988967327,0.0014131572883127,0.0074060308304066,0.0113554073987911,0.0186394617333981,0.0275651803408379,0.0075279111038491,0.0209435047006738,0.0092811462249115,0.0039403348863015,0.0011478699057292,0.0203851082708858,0.008551895629814,0.0130424878611535,0.0139024285136009,0.047261458740408,0.0029098427496557,0.0039944587666613,0.0760989401415903,0.0008870178452447,0.0878242357586616,0.0883409208296592,0.0736803617903593,0.0436624843725273,0.0548787531961421,0.0346924311830759,0.0408930783057073,0.0394396172010176,0.0303218759623778,0.0423590279143115,0.037485020088382,0.0292164690311108,0.054264499274619,0.0056178774095496,0.0561063308160716,0.0098832226714772,0.0096245905438795,0.0295684525940019,0.0614099681549581,0.0066816997503577,0.0069998805682607,0.0071659901109867,0.0068132511848294,0.0268101306519733,0.0172457860929298,0.0208148983111913,0.008296902159955,0.0048751561011558,0.003826947785455,0.0064148223857149,0.0189688249067256,0.0245479826747714,0.0193367861427801,0.0013833258818184,0.0009830497236601,0.0030331096658258,0.0090117537015147,0.0981746216945443,0.0038979453463566,0.0107443149740138,0.0007138210124883,0.0705443877587679
0.0937496336313941,0.0620419262155644,0.0979748945436896,0.0526776668645322,0.0510670429198831,0.0521729277800863,0.0269888911882833,0.0727415049559604,0.0809013005279802,0.0637617730330056,0.0607162806358911,0.0503756073137961,0.0452112441158888,0.0377629583181598,0.0613598917470052,0.0025262918067449,0.0495233776136921,0.055449980785282,0.0157523498818983,0.0571314390741418,0.0805426757897559,0.0133636069183269,0.0559308545509334,0.0386232876746072,0.087003808290264,0.0004541892996491,0.0446465567225351,0.0010086560708901,0.0617568259309196,0.0222652828787434,0.0523160154165361,0.0204788540351877,0.0372404764388082,0.0896409803382379,0.0294067928460659,0.0229333724186865,0.0844260476607809,0.0347850352183135,0.0265894183897075,0.0241176049764839,0.0227117975384077,0.0273777270353055,0.0207769486562548,0.0141759723197017,0.0112805537616199,0.0095858192410587,0.0301310852501379,0.0020693692552043,0.0023018432427896,0.0016717147408459,0.010490435265018,0.016344384191041,0.0235217968496664,0.0371302132592761,0.0109249760983294,0.029065322716999,0.0109543577932531,0.0049911169138127,0.0014539009658672,0.026542499982472,0.0134991889643774,0.0163154120084134,0.0190617755212445,0.0635605443439129,0.0039459596934027,0.0055616626846815,0.0913604907872081,0.0010898921838373,0.1092122289240873,0.12178664041122,0.0929071925476694,0.068194203990153,0.0843590751610118,0.0448590701487049,0.0492772026063836,0.0615437148760147,0.0353269927116651,0.0484586609969838,0.0589344685767477,0.0417795865337499,0.075873981499998,0.0084584820899923,0.0724311885660728,0.0147308480166275,0.0133379964840575,0.0393372590388182,0.0821296292130807,0.0083005041833131,0.0102367318240277,0.0117006011211333,0.0084158896113329,0.0375712306671446,0.0238913855180353,0.0348052471890841,0.0107531220931073,0.006498253201858,0.0061577533359137,0.0085835685096491,0.0285106042545047,0.0390923444305233,0.0256304285379351,0.0018850298666027,0.0014419592209118,0.003753823898364,0.0119859980608439,0.1706336690370589,0.0046062518971993,0.0158946804316332,0.0010478343257216,0.108860378975264
0.1560566678344077,0.0995749108479511,0.1370769967233849,0.0837442638722657,0.075581789465707,0.0673824802121556,0.0323502236132561,0.1103138535736157,0.1039701291966249,0.079692277281418,0.096657619678533,0.0676733923181116,0.0611901589984548,0.0622564247903905,0.0733738247750554,0.0037537036742805,0.0741028583458229,0.0679204941063749,0.0223653945780705,0.0843370481955148,0.1178935731502725,0.0186295924228147,0.0891088453992392,0.0503549002891177,0.1195908368465105,0.0005622514176969,0.0831332144970798,0.0012265594408711,0.109929753683281,0.030641787922595,0.0867609413336063,0.0345792527563956,0.0609502617488326,0.11942459241954,0.0433965165106147,0.038358929514339,0.1216042549832907,0.0580467603132686,0.0374008871834948,0.0377833666766739,0.0250208255494481,0.0411994703081363,0.0290188745934428,0.0171356312676366,0.0150673210373744,0.0113536599575863,0.0458266504187239,0.0041593943398653,0.003067888757884,0.0027159961441126,0.0163438095206367,0.022519268255839,0.0372089695628436,0.0553045704453361,0.0159662761431858,0.0378703737122354,0.0218061413421952,0.0083641293936097,0.0026043614915387,0.0374412707099425,0.0183906218440096,0.0243978775958112,0.027728975576086,0.0832532609744701,0.0063481488476269,0.0075224492319689,0.1692443062739769,0.0017476693162779,0.1785664665476597,0.1934869884641648,0.1443032559714169,0.0833475282927079,0.1165100192725124,0.0751111556421239,0.085935367069448,0.0725022621811803,0.0627888019601644,0.0881034869931638,0.0745843196707096,0.0615785204752098,0.1024436972853595,0.0100873556364552,0.1171830587728527,0.0203115534020689,0.0206728328965213,0.0629641397425599,0.1260482439774956,0.014031729991808,0.0132831938006891,0.0147212533240537,0.0130594513696452,0.0571788253756111,0.0371189324008953,0.0410124361329908,0.0176856757162747,0.0082793088902882,0.0078040836839474,0.0135749234126099,0.0403356072077733,0.049371971165109,0.0403560672513111,0.002593259036479,0.0017986601908067,0.0052205536542039,0.0174796333197506,0.1999913101491394,0.0080692895333174,0.0205847429445413,0.0012832795086139,0.1295589803291719
0.1332128966438721,0.072114789072048,0.1215135449331618,0.0596284447062805,0.0784627746822628,0.0559199381936488,0.0274912079753244,0.1060861892823427,0.0949903976016419,0.0737068327040476,0.0843825345146575,0.0643354429441874,0.0648196775434709,0.0506412383198651,0.0557554198374786,0.0024857034695598,0.0500542554610107,0.0634236119930682,0.0162162675704128,0.0734731689070088,0.1057500319539749,0.0156610207527349,0.0684021273412212,0.0445755879787423,0.1415423852360738,0.0004895373836494,0.0603644675602273,0.0011945089471894,0.1017463973296869,0.0261655107552801,0.0664651431942203,0.0243126723362992,0.051568948117247,0.1199421467499697,0.0349044622839998,0.0312114450723033,0.10368375602513,0.0438088270051427,0.0325452820918953,0.0368986546013625,0.025501663991556,0.0324024216545673,0.0214833317247857,0.0163329073236802,0.0152966193304265,0.0115327596462395,0.029804448296242,0.0025127052161777,0.0025800523672049,0.0025684604425622,0.01294257655809,0.0216600108851978,0.0340323709185341,0.0461555015415321,0.011429867758975,0.0346591119676554,0.0156049814080333,0.0064290314477606,0.0016267215976688,0.0398464919773039,0.0141711659500461,0.0225260428361747,0.0278082591195521,0.0949335914043524,0.0053343094293025,0.0064355618929988,0.1523139838250514,0.0015017188546467,0.1706581274914952,0.1447786549177067,0.1442143952335793,0.067526680283592,0.0946094865865489,0.0618166860996049,0.0760682601188527,0.0689144029337705,0.0676423007149811,0.0719219348486046,0.0585499300538579,0.0450339292496302,0.0841620776604919,0.0091133162853836,0.1038471478187554,0.0167857162520152,0.0164670267599914,0.0468836232933117,0.103947669186592,0.0137272602167721,0.0119051677183975,0.0114192384998065,0.0109886248708858,0.0439030029790332,0.0314713512860357,0.0320463963712106,0.0154833752139161,0.0081457031824221,0.0076024490194524,0.0119036372865886,0.0297624962239646,0.0374999053471651,0.0322677349564401,0.0020885417299787,0.0014374938997046,0.0048238967987538,0.0166994109435588,0.1491635563352558,0.0071152984269876,0.0202264133466749,0.0011665976986683,0.1218805046395712
0.0972664102312197,0.061859463529109,0.0888618544262536,0.0421564938792051,0.0571084161745904,0.0417091979961113,0.0211319979635906,0.0807978672935373,0.0787682124365407,0.0547345593140489,0.0627442782297132,0.0471726471010492,0.0489121325040529,0.0381014299990838,0.0467859407715778,0.0020688536286042,0.0399847542275871,0.0482340010506285,0.0129546739281923,0.0525484259809588,0.0825960489589898,0.0116851849155034,0.0551200688004571,0.0359374077232301,0.1030559426395626,0.0003677907450221,0.0454592439322068,0.0010690886806204,0.0710632488325341,0.0199820273631966,0.0471637592589471,0.0186592301642988,0.0355071194906912,0.0862790158447024,0.0269432900516827,0.0224332201847122,0.0792029536910077,0.0347787254760985,0.0235354941844244,0.0271802419055439,0.0196859439402805,0.0244923964744096,0.0166992805835903,0.014364942630448,0.011241583901878,0.0088521862222137,0.023932584533668,0.0018957145237388,0.0019213419940609,0.0017890810105269,0.0095561026884597,0.0159754619488873,0.0241098976933603,0.0329956348684073,0.0084088410479832,0.026650313278353,0.0114572770468197,0.0051554115370851,0.0013208156882527,0.0290287866606655,0.0110297682619471,0.01623167560958,0.0193043594975213,0.0616217814025669,0.0041358894599279,0.0047474487433951,0.1124098896395211,0.0011623452760604,0.1387863760472471,0.1159224121884599,0.1026835192790268,0.0565782191687518,0.072067718368676,0.0457893301047627,0.0547267712246183,0.0523189291681424,0.0483440867096739,0.0486985185393294,0.0440020812637105,0.0351530231689148,0.065124178758304,0.0077527399145799,0.0748505217510046,0.013105141507451,0.0115206523853639,0.0366669077792101,0.0755764094672914,0.0091562736516564,0.0094467642060217,0.0086541758267785,0.0088082758052236,0.0349479102881604,0.0234959267937635,0.0250399521168317,0.0124735466834079,0.0061407797359957,0.0052751844895451,0.009221377283749,0.0220541246478238,0.0298811273045806,0.0250035956563943,0.0016068467646269,0.0011853370053556,0.0034860060100917,0.0121100224125705,0.1224013398192738,0.0048688060175403,0.0135307959633787,0.0009325238984589,0.0938471701378465
0.0913421810826607,0.0578391339994566,0.0863046844637781,0.0412659747226092,0.0575702861449834,0.0391880025976561,0.0192518249515361,0.0798521231335636,0.0740801067410693,0.0500589033811092,0.0594595840308346,0.0448907433677558,0.0602833827304399,0.0364023956244258,0.0444659370283763,0.0019570629661694,0.0386252488620347,0.0450502809231096,0.0126443202522901,0.0513356130364406,0.0807298835163175,0.011442286958973,0.0547209260014454,0.0343340725472817,0.099906931091043,0.000356660134294,0.045569667707519,0.0010222168981599,0.0681709678595501,0.0193034255924241,0.0458201614411763,0.0191019862815382,0.0352051169220561,0.0821827800559291,0.0355629205715009,0.021912275962369,0.0931239931714077,0.041816095691063,0.0230228175478399,0.0261676318997864,0.0185060082153863,0.0237333464267543,0.0188387874536137,0.0139530696133739,0.0132967693123959,0.0087326852006198,0.0231219167754022,0.0018630776021531,0.0018117478347461,0.0017735640467826,0.0121541950114811,0.0156484517713532,0.0228275450238119,0.0332117161015788,0.008277082384443,0.0317713346748295,0.0113648518391697,0.0049696192033925,0.001311904956857,0.0271956555783186,0.0103867415642254,0.0157815924658504,0.0179503267421323,0.0608773685928493,0.0041292029405843,0.0044684180954239,0.1053708958025165,0.001377583882057,0.1531708057143225,0.1136248843719956,0.1003336464339875,0.0541368874869249,0.0685863323263347,0.0438947085915299,0.0523795753874848,0.0511818163623722,0.0510036041672298,0.0544072210151943,0.0440540885229537,0.0324151290769475,0.0592270706376226,0.0073152949148266,0.0692409864258211,0.0127189386990527,0.0117438586165667,0.0466799989253585,0.0736846833714501,0.0089850322037749,0.009008152763765,0.00824532435257,0.0087493342711271,0.0352281723079506,0.0222080415068339,0.024595695992483,0.0117915508545297,0.0059453422895812,0.0052156383623436,0.0088400800841085,0.0218628309740219,0.0289228656389239,0.0249851467762395,0.0015958495484574,0.0011718587316655,0.003426721295499,0.0115417724739994,0.1202801588098031,0.0045107150758329,0.0130655129249844,0.0008987209479213,0.0897168034056169
0.0905101880443415,0.057850409783451,0.086218256083651,0.0435448106174379,0.0710671530575763,0.0498706802248313,0.0194086734139382,0.12724006476832792,0.0914676210361877,0.0498264169770499,0.0743124140963769,0.0451912409787245,0.0479626032865195,0.0368099635952426,0.0444414948473167,0.0019324548472911,0.0387160461517918,0.0453154023694074,0.0126694342468509,0.051196605033336,0.10484808308908315,0.0158861784321402,0.0542459202082371,0.0344183487493698,0.1000279901379153,0.0003572762765984,0.045187156572175,0.0013223023585306,0.0684816158773113,0.0195359394734921,0.0587922927362103,0.0194387230628918,0.0354743929765996,0.0827452461257763,0.0266056015479886,0.0221018836361182,0.0758862957806132,0.0341084587689879,0.0230805282563529,0.0262798730088584,0.0186299390973348,0.0238200249132089,0.041212370997676356,0.0141693457912716,0.0140196556897426,0.0087626743388216,0.0233255897836152,0.0019328843511003,0.0017729627338012,0.0018501231927356,0.0088859578751019,0.0155621057127241,0.0228025324360614,0.0332765099084138,0.0084333396791063,0.0268089407983672,0.0111578311981541,0.0049846458858276,0.0013357336542971,0.0272333457303678,0.0103822727278309,0.0157981766227622,0.0182741171836383,0.0607097032700618,0.0041826624781654,0.0046107881082328,0.1342434206216333,0.0011424166521051,0.1512242242756226,0.1931182817366655,0.0996449757157459,0.0545318613534577,0.0684542323025936,0.0438994669544765,0.052345473517169,0.0508375797792095,0.0532313549268954,0.0635994359374504,0.0437865663333613,0.0324095933729081,0.0859317945474516,0.0073520213861276,0.0900495693020181,0.01278401825365,0.0121424189774338,0.0377076186930755,0.0850873121960853,0.0103549637868267,0.0090235644879117,0.0082294934032319,0.0087898130315409,0.0352304347662334,0.05505917061869932,0.0245301056666659,0.0118569489370216,0.0060338169723822,0.0057898535110508,0.0088488431195847,0.0217355846278121,0.0288803836378184,0.0313740368782406,0.0015928362267414,0.0011773014849343,0.0036518736268758,0.0120196367411471,0.1198400111673119,0.0047976698167661,0.0130186763296312,0.0008997249959571,0.0889716381676452
0.19879761170174826,0.10807807512767434,0.13676831328579162,0.057004171439498,0.0587107058249658,0.09008573949482493,0.0193895010174863,0.13431811191858717,0.0795779152630871,0.0494275601909036,0.16195162015112072,0.0477736423229866,0.0479122651362799,0.039545776116794,0.0467410633243864,0.0019633522982081,0.19964817557288497,0.23107965313797904,0.0130295551046349,0.0619014965751719,0.13272011669823225,0.0155470994055742,0.106018581332125,0.0348277275762311,0.1225523545053621,0.0003766262256664,0.0459061027351788,0.0010419670260809,0.0707780443667038,0.0196686725632143,0.046491760588269,0.0207455454151811,0.0372407635134932,0.30719064372915306,0.0273317347150383,0.0229247885702773,0.0779563337996976,0.036100616470139,0.0251788659011555,0.0278540952306604,0.0197011635222742,0.0255957073031722,0.0185141803111858,0.0147041523357721,0.0132332059448819,0.008768064791511,0.023643507475908,0.0019803820931901,0.0018419582148505,0.0018721898097318,0.0094183511545748,0.0164940186681645,0.0243293170606998,0.0338562922271215,0.0083241951366028,0.0268403103359858,0.0138532379734902,0.0050044498372451,0.0013221422859043,0.0301112730946588,0.0112240654964905,0.0162376567809252,0.0244817523863269,0.0620144153863097,0.0044882201035833,0.0047161483964379,0.1158141494604949,0.0013525523942956,0.1344136070390972,0.14542965735786442,0.15065968422452353,0.055412063295844,0.0681608601665355,0.09961852857206124,0.0543067797691496,0.0534279495852744,0.0484705499005165,0.0550533488908927,0.0449866732398392,0.07685659424652784,0.12349424081758618,0.0102198981987246,0.15670846240580627,0.0127999408376155,0.0124263207313674,0.0382791222677904,0.197139883497719,0.0102509931591185,0.12064380075986378,0.0085216394248325,0.0090046779147012,0.0356280618094473,0.0278851289272586,0.07499516941672098,0.0118060044552987,0.0063187344957203,0.0060157462013914,0.0089598883051391,0.0227308631324158,0.0310772372997803,0.0263216179781556,0.0016255462563977,0.0012212139063918,0.0050002283296436,0.06659352807172193,0.1202791255993747,0.0050039777093926,0.0131366571204575,0.0009080920629218,0.0892584800165715
0.398792154540816,0.15940221117354814,0.0884249550001066,0.08549646228030713,0.2688578118366799,0.041181233464515,0.0204196977868377,0.18134062215885394,0.1325796290679319,0.14828909348592678,0.21478243831483573,0.0467852868994099,0.049320354215585,0.0403909539235984,0.0443096673461918,0.0019976158704979,0.44350198940747887,0.3509793688371031,0.0128210398286947,0.1584783422329153,0.5237420232226344,0.0119182058528776,0.10842301410559524,0.0426137527976266,0.20683228773867618,0.0003622393028599,0.36512636453287656,0.0010595352516656,0.069140189674965,0.0201027498021087,0.048886105435697,0.0246004638125048,0.0371431581205883,0.8396184591056445,0.027697773506111,0.0269790355500218,0.2529049033433011,0.0341027226397016,0.07244804705016408,0.028618432783199,0.1071343801638601,0.0305619348301556,0.0216760323565879,0.0143136441603603,0.0116433080012591,0.0095089103878982,0.0245831755917357,0.0019451143086444,0.0018793910870914,0.0024486911681087,0.008941714448341,0.0158351946380684,0.0244649544267938,0.0329467338821167,0.0089112200285136,0.0282543867977116,0.0118113109179139,0.0052377977121704,0.0015655979851177,0.0327868527711327,0.0104350244270095,0.0162749031661206,0.0194173681303722,0.0609166319912235,0.0041643968643488,0.0060465548642571,0.1138542523581679,0.001401375156166,0.23119035502269414,0.29815239344082267,0.3525198780941399,0.0542427798018212,0.21779086449295548,0.16926294170260708,0.0520726585546423,0.11079507526508608,0.0533057855787264,0.0562795973341246,0.0458676446918696,0.09458244829802406,0.20935582551725723,0.0079276451887955,0.0820194810625431,0.06507892874148187,0.0125122887925731,0.07071581018237458,0.12216115886133351,0.0092676863874532,0.009798680832103248,0.0083208081544861,0.0094377518815379,0.0370273922574005,0.0232522678050403,0.07642568437847395,0.0118710456587592,0.0060838074023739,0.0052291512223783,0.0088944810083448,0.0217822416214224,0.0351384657288241,0.0256428708059465,0.001639176608833,0.0012041860110047,0.0039783607053817,0.07255723581124189,0.125747908396807,0.0049870220753303,0.0136031258954431,0.0009159285353962,0.0923357942001614
0.32305898619170587,0.16816187258546184,0.19566751038006613,0.12263160565614649,0.0611079630272624,0.09171781248461783,0.0231385261979761,0.22212909962475175,0.0804010126773349,0.10880005873692095,0.12737487188135954,0.0524481800290319,0.0481915384355544,0.0441658811815566,0.0489268354175063,0.002167392402687,0.3067089280313587,0.5092087318068056,0.0141583024381499,0.0550735254868958,0.3466268049109293,0.06935834397651394,0.0538799674691863,0.0489887386973738,0.46891609117087013,0.0003644142851942,0.1754353145405907,0.0010472261930669,0.17318938017270094,0.0192807901351281,0.0690932093391195,0.0224174686125847,0.0364237489599422,0.7573726254840968,0.0279842485874439,0.0244536673480439,0.1637762792983677,0.0388439203013382,0.07527932670670638,0.0285255085316666,0.12799399725082292,0.0256167636336081,0.0248685603346937,0.0152029699758679,0.0153933658499713,0.0101023157149491,0.031124857502066,0.0022172130878994,0.0020377927483336,0.05958275365362205,0.0120908949018626,0.0168097402093826,0.0243866629935911,0.0327813874222216,0.0085904607075591,0.0304186624143996,0.0118932914858934,0.0054446534591031,0.0015675002760898,0.032043577705582,0.0115912872697777,0.0151793972599542,0.0198121587600569,0.11273563071585889,0.005608619808227,0.0057599522047969,0.1147527551411534,0.001155727647488,0.41660448064746664,0.27491890257253593,0.1143464911202143,0.12167002691229588,0.4658999259675407,0.12091836732895953,0.0548376023031447,0.15880285737859773,0.11419742327034849,0.0623717929736234,0.0525643673082204,0.09157342359863269,0.2902426362738463,0.05614739350886496,0.2872382807330736,0.0134896345081752,0.0128697294904297,0.09971873023820917,0.18435389716591416,0.0095136407635965,0.05850179160916527,0.0089505281392659,0.0099386852505142,0.0355480273476909,0.0234851634873309,0.08508503177786009,0.0117058106672518,0.0066287868721268,0.0055459301068686,0.0094492162061302,0.0232754774941934,0.0316457838415224,0.0270443421321292,0.0016690704499696,0.0011898846366312,0.0039339457634655,0.0127226364077733,0.1525152909649309,0.0049498401772849,0.0138207085599318,0.0009452091882767,0.0994631905767434
0.2893752922787672,0.0724786893736866,0.1682046402194457,0.11218168892097599,0.13724324632255097,0.08700165603222267,0.0253336742945983,0.1062383851968286,0.1181235202912531,0.11780209178871934,0.18506991461712846,0.0565455901619277,0.0635863928626005,0.06199773095142,0.0545509412101792,0.0024225444027484,0.10820528758608994,0.35432719056313394,0.0175733448911728,0.20063468115257646,0.27260349966040376,0.0137667427293233,0.0638839687891251,0.04116905517855,0.3150139592051243,0.0005214073443418,0.17175771587795888,0.0011866506216434,0.1977849873403575,0.024468159423484,0.0589980473827021,0.0265698637761785,0.0407602991517697,0.7859250380178806,0.0303576706299953,0.0305502979926103,0.25425711967671993,0.0459856880693144,0.032346654482116,0.0357719734684505,0.07709261942783155,0.0313759766534154,0.021709218138331,0.0236464239511328,0.0151012275278691,0.0138572595052871,0.0323169370627592,0.0030076807507929,0.00232255620482,0.002207189188473,0.0119557672067184,0.0209589145148549,0.0287018427664769,0.0365110045203716,0.0106563548897651,0.0403585787386579,0.0193875175181265,0.0077895542241956,0.0018934553311462,0.0343757348234402,0.0130848501117135,0.0176678364110004,0.0217506118143908,0.0711171567715674,0.0053366578653647,0.0067013111518343,0.1385409845595387,0.0013484246603077,0.1919589995630149,0.37978716133483875,0.19994257833485896,0.07484414855427475,0.34638493250655206,0.10735788378697428,0.0620806600747004,0.12711517831812935,0.07422257170640353,0.0943755757894218,0.07989183090173518,0.1068947590719232,0.41775864472540375,0.009076771628297,0.17785768913238995,0.0186024937687777,0.0194514649715358,0.0937836693781734,0.26412013399705664,0.0106344806112127,0.1263108890484781,0.0121224538580831,0.0172735620450133,0.0379168211698526,0.0263129438911107,0.0321000406926693,0.0163718255624207,0.0069181728137882,0.0064119741906645,0.0100735649577387,0.0285568370936275,0.0407313356468296,0.0310940858479837,0.0023981816577195,0.0015028686714808,0.0052805510812125,0.0142255541416672,0.1726701267914022,0.0057745983671447,0.0192407105183944,0.0011651855010245,0.1158802096584985
0.1884150863416913,0.1080809522648443,0.1668892374207971,0.11909969144032848,0.0852192861112925,0.0828318500978972,0.0422636307386774,0.22192044673559203,0.1479050465864279,0.11537242798671668,0.1129427345360856,0.10324916532253985,0.1096258029844862,0.0809014077108761,0.1096043495523056,0.0045912123882715,0.0918835852597895,0.1082887227452928,0.0275109986195872,0.10617683428483743,0.36068358179321947,0.0295132044924288,0.0945705499416557,0.0627088000305015,0.16563782178364075,0.0006710436643754,0.14319869210206665,0.0022344331563419,0.12810291942352534,0.0405596598204137,0.0913266968677973,0.0439565160066308,0.0587466764666621,0.3381980909761147,0.0425400634741637,0.0471331486060059,0.15409131616684527,0.0653540154111561,0.10732682966429342,0.0500150042060592,0.08745808513412529,0.047649249194084,0.0353283562063571,0.0333601148761426,0.0249341097713279,0.0200303148189836,0.0453307703614064,0.0050776366173329,0.0047140919821164,0.0028536267772104,0.019145167351099,0.0290947788179758,0.0512182556011976,0.0572578592164806,0.0176295918581865,0.0458124287044771,0.0236401609477273,0.0093573670447434,0.0028818206418785,0.0482640294547886,0.0246861436890702,0.0384685831854971,0.0356706424579777,0.1220911290042025,0.0074137190936532,0.0131157766919681,0.1865073433503531,0.0024293797320245,0.2907713667943851,0.20380401341418,0.24989980208726992,0.1149927987350712,0.1502307519994687,0.0790867036809003,0.0872980957556216,0.147224910104572,0.0960255338662408,0.0996231567885292,0.16255557127238915,0.07216006733753791,0.19155060883324024,0.0125311204916853,0.1432525298374344,0.0233895278044754,0.0281850949581964,0.0655415530973018,0.26703495240473796,0.017589860238436,0.02739978325536353,0.0202906118923822,0.0212314930266782,0.0594828563294257,0.0566316935176192,0.0521086964078203,0.0209929629193993,0.0138446680567036,0.0079081571270467,0.0170954203369611,0.0518668831785412,0.0702878699369749,0.0544209786289083,0.0046509212593393,0.0023821459764857,0.0066917540606524,0.0224604980867311,0.2410603914669437,0.0086136342420853,0.0275071917377377,0.0017091428096399,0.1679077089305997
0.200515806181501,0.180693925975192,0.3535729526534511,0.1440088562356425,0.1357636366778503,0.1133337011368905,0.0746390523586989,0.2274401967022205,0.1637762935537539,0.144192561958545,0.2075084645841825,0.1123141122829912,0.1283974508597975,0.0897514073916831,0.1370148531904624,0.0062775683303514,0.0974668005862504,0.16186852519642322,0.043157132432747,0.1186537456224963,0.2228783524676009,0.0273864808919821,0.1744456620358956,0.0668986057677478,0.3470260921683191,0.0009326453639549,0.12211351902905133,0.002696605273938,0.1922047332596981,0.0490014535302076,0.1637455405319611,0.0466249863710395,0.0678432120107134,0.19820693485476196,0.0809208654322793,0.0635347846418745,0.2550757364156367,0.1079989817840974,0.08140939044539701,0.0615024343818156,0.0512923327928381,0.0595082562677394,0.0528100125099489,0.0385827332829367,0.0254509351037749,0.0282019374086892,0.0643877226633423,0.005832889823984,0.00660781669347,0.0054609016078358,0.0292127546040669,0.0397598981152372,0.0714518122563512,0.0938529123070392,0.0227333948209082,0.076241325152426,0.0426384678366243,0.015461196763965,0.0042567640173311,0.0779247052009265,0.0315180230500882,0.0454756613521625,0.0407508538392139,0.239498240699647,0.0103699108383685,0.0130606265334226,0.2225479622134802,0.0045077316640427,0.2737894011883228,0.3695068148238789,0.3299991600829723,0.1128289317264534,0.1966980361839017,0.1471000321307957,0.1532434848965102,0.153691361792282,0.096659228165858,0.1180331528439504,0.1117612361475139,0.1227376299620213,0.23535772242768122,0.024576251588383,0.1795862424082893,0.0584246625405567,0.0272471109072578,0.0861973251548548,0.1895709373594635,0.0248066621527318,0.0250106596694554,0.0250218478819882,0.0282977190463828,0.0783000046753155,0.0569414169389283,0.0661330801283192,0.0241096767197919,0.0144185805350998,0.0140598866578846,0.024719120992689,0.0740925783165045,0.0865584763604055,0.0609930704012844,0.0045388087943701,0.0026877015276679,0.0117219163117625,0.0274061641186698,0.364843133628966,0.0143080161069655,0.0335256349537886,0.0029020661580266,0.2664246331905047
0.2142021700039455,0.1391877650916751,0.2136636424088375,0.1278538580255977,0.1222306564753913,0.0871632096046828,0.0532055912851829,0.236983444229054,0.2427414064295044,0.1938292734869295,0.158154394401983,0.1293203989537499,0.1344204450141517,0.1138489888406634,0.1257462063389847,0.0053689281568238,0.0945293855635677,0.1122221746441345,0.0394528182350358,0.1191702432487107,0.2175721629407067,0.0437343859963268,0.1525751366805432,0.0902498975890418,0.2707426530105331,0.0011311540915693,0.1372650940773666,0.0019114855320485,0.1812332369828838,0.0519089549224759,0.1427002361463253,0.0591748739238681,0.0845699056077625,0.2246941451903011,0.0698173839279433,0.0765253900721258,0.227594663432038,0.1152910361393762,0.0501197739494014,0.0642031344011872,0.0546791079068152,0.0736012786715259,0.0639233451842583,0.0430077690178322,0.0273851421562078,0.0255775461676238,0.0753851708236002,0.0065551150348255,0.0045799668032539,0.0052600455747787,0.0350912193176431,0.044610288882928,0.0994701809786873,0.0746085404147084,0.0294707539435164,0.0715875096353743,0.0379596634016011,0.014308224609951,0.0045974242822048,0.0590509930831634,0.0312651451993298,0.0580937579192286,0.0467194550750346,0.1657207233949901,0.0140622720542282,0.0138069353235485,0.2610397521210295,0.0031403440423182,0.3928668748096979,0.3672316021298731,0.29704334532975,0.1155669406111963,0.2231395071859625,0.1077971437827223,0.1228591671539199,0.1431919363611275,0.1061439674790513,0.1705494039322806,0.1305512225154838,0.16422210593909775,0.1774357425956541,0.019991321335358,0.2262067379941041,0.0387572791797232,0.0524069587188314,0.0835376230301794,0.2681804606509368,0.0387469709540007,0.0170659158718149,0.0267878017523489,0.0233832770462652,0.1046321910150333,0.0587158779063087,0.0715236582459877,0.0409800622889854,0.0247482231730247,0.0109702851748098,0.0199147342146485,0.0823025125739552,0.1233186352452055,0.0869371299018522,0.006423937227571,0.0035287458059305,0.0092666220390932,0.0307880702819053,0.4377030666176933,0.015752515632185,0.0327474360289715,0.002090019860868,0.2480768878593189
0.1996697115662612,0.1101982369776176,0.1911708547109947,0.1559297291932592,0.1332518623326889,0.1159017616255291,0.0446033934828229,0.1915150713565722,0.1591444451266281,0.1266947190716139,0.1722938400011583,0.1101515467936372,0.1045912983968235,0.0944102330826657,0.1132818960730489,0.0050849160950975,0.1350638314913059,0.118801938333405,0.0389667817990183,0.140006990282887,0.2726348818416013,0.0288603622942215,0.159401944078759,0.069636930043025,0.2341414836195818,0.0013893423627827,0.1188247208080568,0.0023661296519422,0.2024987210025381,0.0422371473835623,0.0707660145912772,0.0388236581756033,0.1015851092632511,0.275363141870227,0.0491301335015698,0.0551317693058575,0.17243105720041,0.1004553981596121,0.0549660899886032,0.0944008727897513,0.0710667510064665,0.0571102877627579,0.0692351618040146,0.0320041900587679,0.0227763007162461,0.0174545894958608,0.0932368528870334,0.0069470425114711,0.00536790251478,0.0042467834465326,0.0199650349625959,0.037645560551644,0.0497394626083406,0.0580564734488387,0.0291064938480677,0.0647260350985452,0.0264111435591696,0.0103726669926317,0.0039268166542477,0.0742714977257694,0.0235247319695866,0.0421691610839419,0.0554872387297958,0.2403981153434682,0.010214261714917,0.0135705832857879,0.2660053446468633,0.0026141715662206,0.2443194346532517,0.2662928648755783,0.2334601962684949,0.158893429115361,0.1645828691621643,0.0977879273245762,0.1304665764872711,0.1487211054502467,0.1427228424041527,0.1481534031760581,0.1600956797039462,0.138655384112549,0.1491927442979526,0.0208088186478645,0.2129013202739988,0.0237718835456069,0.0366459058205005,0.1182308911352188,0.2104844689128927,0.0239249182679225,0.0205277160305316,0.0226329040922669,0.0311906615053536,0.0760361323560218,0.0700399897188465,0.0700105728260217,0.0291714704607095,0.0158626616267256,0.0093432879849584,0.016848372840816,0.0895863055082429,0.0833878436551376,0.076685130104168,0.0052965606393653,0.0032510727903973,0.0085437696693073,0.0305193508531644,0.2621089543139665,0.0158681496137218,0.0402908550749893,0.001676694915801,0.2091607112524064
0.2054490078409133,0.1856240062589408,0.2393558660132193,0.1121467462940179,0.1301014529667372,0.1051912578510576,0.0393943446639542,0.1643471611398986,0.163230464104924,0.1093468255939924,0.1565970834663826,0.115387952428525,0.1065051824514815,0.0886852549766226,0.1079591102829472,0.0047187706718738,0.1008978747473873,0.0950522611206,0.0282113104220406,0.1313294050615585,0.2224855446764294,0.0262688434330946,0.113125948658564,0.0864376388004687,0.1847383200218853,0.001036286660969,0.1007469982828477,0.0026345731820169,0.1557003367649561,0.0451634346655593,0.0993099771516794,0.0391903155851922,0.0825411488087657,0.2012152858615071,0.0577026659633237,0.052769303471467,0.2083896862778419,0.0708013305879431,0.0499494087756404,0.0665532842900515,0.0520949566828122,0.0558618313552624,0.0413684473557102,0.0326361095199154,0.0246377218357504,0.0194483736941314,0.0634460424102216,0.0049271796977789,0.0044469711330737,0.0040119336874256,0.0224411187841764,0.0319723002516494,0.0495865401206305,0.0812725223214578,0.0253965216579929,0.0651040269028988,0.0337857489068749,0.0108396233207905,0.0030798966893494,0.0691374252262444,0.0238265727234499,0.0353964360854401,0.0330176020930381,0.1587652654316337,0.0093291622568323,0.0122769840823724,0.2073929842219676,0.0026921440825605,0.260552835117935,0.2711129313266309,0.2058376713547491,0.1233783977476128,0.1433015553374869,0.106659895038488,0.1220900802365338,0.125711342708707,0.0913694830905871,0.1102917041807264,0.1121469566535683,0.0993909609905919,0.1499753238592601,0.0162500090369694,0.1672407516942549,0.0300618385268811,0.031123649011772,0.0937943534755428,0.1824711748521615,0.0198324154757964,0.0233789628346678,0.0198633292162874,0.021185022573673,0.0770392497971879,0.0530736784446654,0.0534299695691254,0.0250022311771568,0.0174119181146356,0.0122262485331036,0.019481910366408,0.0522422598998599,0.0716315222114634,0.0551130261565779,0.0034664182870115,0.002931339329944,0.009514192415551,0.0266043934863998,0.2790515389185944,0.0120797273351029,0.0332185291766628,0.0020905994333114,0.1969192676725486
0.1774996823841574,0.1483093618075372,0.2157965996798636,0.1067445261006862,0.1105836453187033,0.0979934390392319,0.0417494453252613,0.1405638876387863,0.1461670988321781,0.1276894843172356,0.1058999015504687,0.1102344966549983,0.1034890308193165,0.1011008902546981,0.0938451531412323,0.0043743101568626,0.077101213891811,0.0876160382499039,0.032045917866762,0.1042096663274244,0.1563335596709265,0.0231128960792168,0.1157074456599476,0.0605296209597902,0.2107017947513933,0.000805652273606,0.1005102624192288,0.0019638251096068,0.1670949060564356,0.0419330315457416,0.094382253249097,0.0339018013066977,0.0823760808648824,0.1832791054846297,0.0547192554794345,0.0449003942586873,0.1642746206555854,0.0815359229344277,0.0477777469087203,0.0443350347480616,0.0414350611055499,0.0511084158669563,0.0394065820232526,0.033199364436469,0.0207690364789607,0.0180096542791347,0.0519129185884068,0.0047358021935351,0.0042280850773309,0.0039361364698151,0.0181977155808372,0.0268904924394825,0.0551576364947105,0.0856980615807556,0.020718146847274,0.0532725942039406,0.0232407027475002,0.0116321722449505,0.0032848059662332,0.0599677691838455,0.0230360744247097,0.0362690074232837,0.0311940805933182,0.1042230992251202,0.0093608987608386,0.012700368853115,0.1943417330936072,0.0021822363931399,0.2505374202035828,0.2359387195512995,0.1802679940419741,0.1209276832024407,0.1165821238688043,0.0941929841184296,0.1088805412861666,0.1074756088781184,0.0714799589068443,0.1012040783030977,0.0964143667380831,0.0792800738450283,0.1393488402269281,0.0174781640549799,0.1549013596270189,0.0291886611202893,0.0272497003066917,0.0944387874894929,0.1644107817825614,0.0178022521663367,0.0177067478157545,0.0211687324735386,0.0185147481324001,0.0673794013512021,0.0430543391757013,0.0434018624009873,0.022342857855418,0.0126432779352609,0.012367197431599,0.0171304724788659,0.0585784917093726,0.0749026362965917,0.0526816353696569,0.0033930143332456,0.002587807970983,0.0071186364017391,0.0254747188487395,0.2812233472390559,0.0099065228566407,0.0281320749213102,0.0019152583616987,0.1737404196792834
0.1289526535719516,0.0728846175974863,0.1509673853753682,0.0764379788745902,0.0781463082210677,0.0625172980375008,0.0292050376238767,0.1036316387108614,0.1118936975513567,0.0726092203131357,0.0799307764239579,0.0751439663887171,0.0664356700789027,0.0624136438847842,0.0616700269624177,0.0027830382853513,0.0641184284469465,0.0652681482574244,0.0172809626976169,0.0714556399078207,0.1119075239848125,0.0150225625630075,0.0672749584217658,0.0428266610976387,0.1766436035096804,0.0005035330560927,0.0761360014542761,0.0014853104565832,0.1251952931313197,0.0307816042166412,0.0693948496461124,0.0273491837231632,0.0431754584767959,0.1305106632081258,0.0352814753798641,0.0353212009384271,0.123311934942862,0.0515115882173244,0.0344675230199683,0.0346420389700581,0.0251405752275522,0.0328149621867968,0.0237131931602272,0.0191500959103693,0.0138777005162048,0.0139685609650436,0.0362262962522341,0.0033347254584909,0.0032330197455002,0.0023245261532177,0.0118144898895257,0.0211783223717608,0.0459501572413306,0.0525636701637488,0.0122380085010223,0.0431667085529913,0.0166876766976473,0.0067018135066487,0.0020144385339579,0.0419510342663066,0.0139198424771641,0.0261549826141889,0.0248278783036975,0.0866405249639481,0.0061153275058002,0.0084410921445393,0.1444899914139052,0.0017656287460371,0.213985989370059,0.1772638944367796,0.122928957383031,0.0775323870337443,0.0825768256740393,0.0722327425896842,0.073338315658306,0.0739848694382612,0.0595048940344702,0.0926872761890357,0.0685120781596665,0.0599699100072842,0.0955892588275447,0.0102845634542991,0.1129981673397793,0.022147459392186,0.0193621824790547,0.065576082110568,0.1224705724139371,0.0139652617519188,0.0173410696337275,0.0133698867791109,0.012327698494213,0.0572840296857644,0.0331509838122603,0.0345771461247305,0.0147013640365068,0.0076546798639227,0.0070481775497121,0.0126803927511992,0.032073926102864,0.0420500583637831,0.040371298303532,0.0022991926312521,0.0017479571887114,0.0048623184771729,0.0156673372304884,0.1847803862224818,0.0086749585530975,0.0217188999940424,0.0012237304808013,0.1443227614718708
0.0849400651606793,0.0461384579626854,0.0798820250231419,0.0389945817115869,0.0424373921664822,0.0355859810568483,0.018149320858423,0.0674465903013794,0.0614349462216127,0.0462367059017329,0.0483354748358917,0.0421408772090477,0.0418489315053638,0.0311110217723475,0.0381758819747015,0.0016056753277014,0.038592529117978,0.0383136317122746,0.0104179300739363,0.0451988560553452,0.067207573835624,0.009135475572358,0.0426095713938518,0.0252241542937036,0.0889252515769018,0.0003265954705535,0.0420079051419637,0.0008604779544544,0.0625053397260965,0.0148390050932166,0.0391852732580901,0.015970870364936,0.0273180270259704,0.0703175262326879,0.0225544826604085,0.0180482089129343,0.0669720171001278,0.0269861938405853,0.0188838529667476,0.0197717187007703,0.0162024993934205,0.0199607879620545,0.01368564906757,0.0113423316624277,0.0086821411647232,0.0071701372175039,0.0212061385016626,0.0016661361782708,0.0018458239980866,0.0014474147587889,0.0085730651052777,0.0124297493188129,0.0212269427621539,0.028761115086807,0.0073488041243883,0.0247601317775943,0.009697355262346,0.0042071670738208,0.0011722117211289,0.0235552922331893,0.0086501128818758,0.0137267882373344,0.0160430841871851,0.0512880794196293,0.0031578963087187,0.0040469769426036,0.0864876078060026,0.0009719961486283,0.0897604929949383,0.0958155570565132,0.0811586511070827,0.0456811404008022,0.0562823159483903,0.0431674721211932,0.0457691970520519,0.0427289424079745,0.0349431235165734,0.0446781156638506,0.0408682498999137,0.032906178588209,0.0556923124697453,0.0061286541424286,0.0612816424892078,0.0121610070823821,0.0113097716954665,0.0354567788095992,0.0733518613266064,0.0070867109464336,0.0077968535154243,0.0076000793305167,0.0070984836205162,0.0267549832313285,0.0182285873147711,0.0222288093553515,0.0086137215200212,0.0054124275493011,0.0043115384829677,0.0073432835204894,0.0212293562471412,0.026227420826262,0.0208897099037224,0.0014163597731545,0.000973614932077,0.002964786461959,0.0101173449941463,0.1005592713632528,0.0042925296324418,0.0120007214660696,0.0007206779259033,0.0788666986853609
0.0757411364827661,0.0449134977923808,0.0735687886692722,0.0386539603232725,0.0407229612475752,0.0322468433812875,0.0169840043426483,0.0556266672636159,0.057937619372791,0.0410286647461147,0.0457011923766455,0.0370461123751633,0.0325687832050262,0.0292707906313869,0.0359933154135239,0.0016075709855271,0.0363577705989111,0.035573037757444,0.0104864751508338,0.0396551148673108,0.0605988126533906,0.0089098384260035,0.0411026564636736,0.0255346455645545,0.0685415654773187,0.000293502467387,0.0365891959951695,0.0007591281562891,0.0529539486733332,0.0141793431948754,0.0384745207996261,0.015457204088295,0.025676246902373,0.0646992814969896,0.0203747113711603,0.0164550466481923,0.0620862676671028,0.0268184120589594,0.0179545524481583,0.0186454442385433,0.0147671757377093,0.0192146170291319,0.0130553980865673,0.0104584898704483,0.0079027439698853,0.0067872632328164,0.0198284951683935,0.0016404141600058,0.0015863392640782,0.0013442906881254,0.0074939294282189,0.0112972829309518,0.0187877070705533,0.0272983643343899,0.0073775429032058,0.0203198960911368,0.0090845702235664,0.0039472836411848,0.0011653784917159,0.0205457651759892,0.0086881951398463,0.0122449530365502,0.0138241803895458,0.0472625199133371,0.0028879892474108,0.0039624295629833,0.0760270252611777,0.0008179729737456,0.0879087065057604,0.0871926218198116,0.075081563980521,0.0428600261550015,0.0539975359544364,0.0346313655252614,0.0411102533745607,0.0387364689062991,0.0307157381616504,0.0405196552494636,0.0367778001615508,0.029313181036976,0.0536888152806774,0.0054353359383309,0.056089254605036,0.0098622775274689,0.0096415770041659,0.0298598516498842,0.0626115682214316,0.0066499613482152,0.0069464843926817,0.0072595227247085,0.0065151993138307,0.0260584288874908,0.0167961396879975,0.0203280422845077,0.008153436789359,0.0049159304183558,0.0037312995291847,0.0064383073207911,0.0190320239253431,0.02501096017185,0.0195882057653556,0.0013802562363319,0.0009756212399927,0.0029115274068822,0.0087725778093879,0.0987552859552957,0.003864636562691,0.0108685801687736,0.0007089640321527,0.0703378304490791
0.0746647161111555,0.0450072918137891,0.0731691565262992,0.0386141190040737,0.0410665126761699,0.0327125652149841,0.0169023847120386,0.05610141830551,0.0584867974685462,0.0409418064427393,0.0459705501712918,0.037224141558745,0.0327297963294228,0.0295184691197948,0.0363226838205898,0.0016354212107803,0.0362898771299937,0.0352837800770594,0.0103611355816498,0.0397044265748342,0.0605561161543502,0.0088664946137841,0.0410315349066143,0.02527216302802,0.0687172487282676,0.0002949319175331,0.0354845610342228,0.0007649784362587,0.0531758401145912,0.0143884517051339,0.0381157486199181,0.015474153345908,0.0255525177131318,0.0641182804235732,0.0203287564698451,0.0167220997098109,0.0618793990734255,0.0268427906084264,0.0180347940497209,0.0184701691732897,0.0145813630388634,0.0192467126007672,0.0130671107154178,0.0103041374582244,0.0079881883259319,0.0068519486650896,0.0196377892671798,0.0016556127264306,0.0015756487030302,0.0013446716522966,0.0073779065589051,0.0113955180852752,0.0189276148784583,0.0275434805281714,0.0073129984327469,0.0207899941974342,0.0090663413713114,0.0039626577613641,0.0011593462269228,0.0203825815567819,0.0086341805086432,0.0123411955209237,0.0138188553754324,0.0476402974760733,0.0029004816225746,0.0039437627325211,0.0777261226164665,0.0008212013161535,0.0881264533205041,0.0877123782137426,0.07470637419854,0.0433957429717128,0.0543679664376768,0.0347253431934564,0.0405035990499948,0.038271057691548,0.0307022992939587,0.0405596315065212,0.0364720605163023,0.0294659013425341,0.0536788796178378,0.005442972135334,0.0556013628611627,0.0098740324552286,0.0095775670501597,0.0301260800231986,0.0618407179585232,0.0066016606074834,0.0069106793769872,0.0071723377863251,0.0065830587159702,0.0265714413031309,0.0168551522991277,0.0207644095380537,0.0082044704908396,0.0048701849857712,0.0037366314107044,0.0064181172870539,0.0189024447294529,0.0249616098232603,0.0194856643151925,0.0013926615467612,0.0009843049522022,0.0029137951282055,0.0085984366991807,0.0980020755530043,0.0038036565285125,0.0110037541401725,0.0007164494959641,0.0709247649932137
0.0735851620557846,0.0446464667259671,0.0740540562714535,0.0383019557009012,0.0415697228599622,0.032718423351257,0.0168698829351963,0.0562129033786725,0.0584573293756033,0.040536035562792,0.0455490465916148,0.0371286709635935,0.0326980763991348,0.0297965232718754,0.0364849638751661,0.0016239055323995,0.0366641092026412,0.0353354467031516,0.0104009954078793,0.0398723414409697,0.060650705321455,0.0088716728568368,0.0401673002284085,0.025187104074829,0.0695639238914537,0.0002961826864109,0.0354023390144759,0.000759241163183,0.0537314562835012,0.0145961743710681,0.0379195825394764,0.0152781991737079,0.0258918399908189,0.0636278157137445,0.020443758038808,0.0167592963862507,0.0621322384656978,0.0270077043254091,0.0184773086947913,0.0183813116286078,0.0147414195220277,0.0190570011964515,0.0133968769919823,0.010350066155274,0.0079181149122429,0.0067410268146775,0.0198510758202371,0.0016265665772633,0.0015757600630411,0.0013625623158772,0.0073248558193673,0.0113167378148153,0.0191124640025655,0.0277250254397752,0.0073192801330349,0.0205397053334566,0.008867597614563,0.0039510185969346,0.0011486583552768,0.0203202559422202,0.0087031560269061,0.0123965213558672,0.0138587929812828,0.0482812459252101,0.0029151919651305,0.0039492696499676,0.0773474864388728,0.0008330732850086,0.0890415530807415,0.0878741628515673,0.0744998552615285,0.0428997916234647,0.0544499785357494,0.034652778158521,0.0405574441083882,0.0382983115014208,0.0302360739609614,0.0403495237368696,0.037046898328696,0.0295189789753827,0.0533521716456415,0.0054409115742379,0.0557971294233919,0.0098921991617665,0.0096529703616751,0.0298824407239836,0.061177058890972,0.0065619693643443,0.0069628301607161,0.0072004052182433,0.0065048183580619,0.0262660094349438,0.0170023126784555,0.0205960384954923,0.0082902106781175,0.004789585890265,0.0037557203605729,0.0064472105648349,0.0189452843326768,0.024622008197656,0.019603865861301,0.0013894792537339,0.0009775040828059,0.0029120457431847,0.0085921964802259,0.099031153139674,0.0037910904240805,0.010984782354713,0.000720408547162,0.0715592466916539
0.5704847474802276,0.2710899122893606,0.22601094655792572,0.09672414676096772,0.15606808532348915,0.05460945764466347,0.0169410946934464,0.3708361060257314,0.058762725975194,0.26301929789679374,0.505471395556008,0.0370445472834395,0.0324818981785853,0.0293682597939409,0.0359704759984354,0.0016006615784987,0.3672586435067531,0.4886189046302893,0.0104125155888705,0.2532234430800554,0.8057796331192034,0.0088403157183507,0.16084507333585235,0.0250524708851155,0.22841924356914073,0.0002987766455122,0.3307027320586182,0.0007533648046995,0.11195104219560806,0.014454818249995,0.0381393205114579,0.0153812783322527,0.0252493668457566,1.2136629971211028,0.0206303212202666,0.0165750297737338,0.3190441424622957,0.0266454677609758,0.0681766640625523,0.0185094128943964,0.1503051864056279,0.0192127771555986,0.06786458756860346,0.0105226986459256,0.0079693815258709,0.0067806580302251,0.0196393542628521,0.0016195627934372,0.0015581969984623,0.0013565694564141,0.0073464204940172,0.0112745855664443,0.018635191291587,0.0276073574415135,0.0073267396521269,0.0204395897878656,0.0088726228657252,0.003926611095407,0.0011536643841508,0.0202467706736997,0.008660216338072,0.0123746357061721,0.0138179678730802,0.0475007532359053,0.0028858365143538,0.003922585395576,0.075675248858196,0.0008252722464627,0.4882257392296955,0.25840453195263957,0.23073531312675144,0.0428041757779465,0.43491523355474715,0.17120027836944235,0.14996581230009515,0.15682933086080067,0.08150469026455208,0.0402091419969697,0.09403563128136308,0.244280088301984,0.7110753558604578,0.0054164272600373,0.2618058503694931,0.0098814060008234,0.0096776214442859,0.0296933379036657,0.36677768703290525,0.0065862656583982,0.0657733425847984,0.0071385345031975,0.0064786917915298,0.0261842781294753,0.0171722986903903,0.18152162972050775,0.0083362480731595,0.0048070685769549,0.0037549470342456,0.0065299336197303,0.0190004244160344,0.0243760196044279,0.0193185517844875,0.0013630634054192,0.0009720613295372,0.0029078666567462,0.06243237456650644,0.0991923339665018,0.0037975886493176,0.0109463644891575,0.0007246369771013,0.0712957886891075
0.10568327807151162,0.05417603147758269,0.09021788272697172,0.040092166385767174,0.044388923571341055,0.0323998871914174,0.0172011089081852,0.05946174618972077,0.0592114446631891,0.05601859113179937,0.0717861150694277,0.0367757427798777,0.0324670725589942,0.029117577119016,0.0359259992427367,0.0016064902834022,0.0546665841438911,0.047901608095503936,0.0103925856757557,0.043341482483655464,0.08369761779515489,0.0088791525412464,0.047525589833378776,0.0250352503608498,0.07706587749421528,0.0002977230421718,0.06454858122909886,0.0007570853393606,0.07070970954626452,0.0141930476554152,0.0380490281811528,0.0155376265861529,0.0255401735016762,0.13565905062720163,0.0206920516847198,0.016661631266573,0.07575809971928794,0.0266730011815503,0.0179104788591227,0.0186474775919685,0.0146357186888408,0.0192898474136019,0.0132971802106953,0.0105721691081706,0.0079598877085324,0.0068310701511517,0.0199009321109412,0.0016098214900445,0.0015688875595103,0.0013697566777265,0.0074452244215953,0.0113022066978555,0.0185288369550545,0.0273649919282108,0.0073782495944882,0.0206780872653625,0.0089376555278243,0.0039504974403183,0.0011578944785493,0.0203857399494117,0.0085426665111732,0.0124424676266557,0.0139803808035387,0.0473967582888599,0.0028806830018841,0.0039346925155503,0.0754257128876079,0.0008310188852944,0.12553921926708464,0.10241675090763622,0.08203932856247505,0.0435020820896255,0.06345600640102829,0.040346218185467256,0.047214326590813566,0.04196714277974613,0.0299438647352543,0.0401166387974992,0.0377576642050211,0.0289419632366855,0.10944646426582777,0.0054784865118726,0.062014473351250515,0.0098427216021958,0.0096051182601365,0.0293661190302829,0.08377615958870646,0.0066544849825436,0.007701518793288047,0.0071689727536156,0.0065988043267336,0.0263887477967894,0.0170340458750066,0.0203663596569782,0.008296366841408,0.0049106241715969,0.0037619476725769,0.0063758444039168,0.0191147340503794,0.0243404059508065,0.0195041131953474,0.0013644996615642,0.0009751068020656,0.0029143782565457,0.0086847272269149,0.0986788283835953,0.0038758685943922,0.0108351423969012,0.0007131353211468,0.0711967970727661
0.0739478859510217,0.0455941451171358,0.0732849229804144,0.0387205084608352,0.040561401792911,0.0328703687608357,0.0170723799605792,0.0563613413693438,0.0592911424600121,0.0423777772990387,0.0451257043921792,0.0372843975901111,0.032578437096853,0.0299040063894863,0.0360293776478742,0.0016684977823755,0.0363949893077756,0.0350737194147723,0.0103640156268976,0.0407454987448746,0.0597560494492553,0.0089296883577057,0.0394259118760325,0.025114047305217,0.0679082199759991,0.0002949565632253,0.0355600305209469,0.0007694639406633,0.0538450647014252,0.0141972051883879,0.0394533535839075,0.0154765746684242,0.0253808470514932,0.0642658475673735,0.0205205781723498,0.0167840941705438,0.0614987879027056,0.0270802663608815,0.0181662242591768,0.0197589085741915,0.0148835804527378,0.0194172075481802,0.0131965073770042,0.0107344048042164,0.0085321388507747,0.0067714714840924,0.0199431869940941,0.0016480223312687,0.0015641627133328,0.0014026954260715,0.0074720367737265,0.0118392575659907,0.018856847557018,0.0272818602515168,0.007580677386268,0.0210660906242753,0.0090888072000365,0.0039991387245015,0.0011822237788768,0.0204120598879936,0.0085399463498896,0.0126654021949784,0.0140923540169786,0.0497323999056648,0.0029203128604327,0.003942021574799,0.0760252923724931,0.0008860521827063,0.0881508559807771,0.0868114051444776,0.0748915007357017,0.0435485496033352,0.0543795251897542,0.034535008675593,0.0403048210427591,0.0409339645608129,0.0301196037742998,0.0411936735370627,0.0373360902096398,0.0291617632500154,0.0543837272286942,0.0054164272600373,0.0557099187741745,0.0098720020586156,0.0095746669227937,0.0315333793395914,0.0622641893475887,0.006736494095206,0.0070317937344232,0.0072197541563231,0.0070165507078715,0.0269560592112183,0.016920845583216,0.0208737267477489,0.0082843221741005,0.0050178662113556,0.0038288200491948,0.0064608809001778,0.0188072220470393,0.0245724034658261,0.0194890966649888,0.001375834820356,0.0009721436396055,0.0029669569952255,0.0092457619123195,0.0983957287262183,0.0038246143807672,0.0107184659163252,0.0007074457156108,0.070696382760237
0.0926269914243212,0.0513207057794007,0.0939095889940425,0.0514167547843965,0.0518263723568048,0.0520671151936568,0.0258432948517163,0.068982328500224,0.0818697292187876,0.0652210789558833,0.0614310440670773,0.0539862739205916,0.0448095732595248,0.0377088829608524,0.0534851018393819,0.0022858621585828,0.0510763384659792,0.0495347177907152,0.0152732255544755,0.0567807308094283,0.0725873327147108,0.01272476515504,0.0495118107465245,0.0378601053491965,0.0918572426389552,0.0004273963515446,0.0416432683587386,0.0009563860360357,0.0651414100482413,0.0221494878863175,0.0597691279025646,0.0156979527270439,0.0364702550589145,0.0869070673117942,0.0276655364857854,0.0229463435673937,0.0870166373698375,0.0341119004465597,0.026162912537067,0.026469584883431,0.0231068376776281,0.0289878208072777,0.0187247287583791,0.0153947965488686,0.0104721326109186,0.0101771746776503,0.0304047359219849,0.0019044248132687,0.0021019520231945,0.0017500907928464,0.0105869433336981,0.0172167315761336,0.0257613385480071,0.0367506193531955,0.0104776405165724,0.0286586311229092,0.0108439993363576,0.0049663619745409,0.0015032478954924,0.0270710043491951,0.0139566618031101,0.0156179258681305,0.0160997364206693,0.0629068618196277,0.0038705814192417,0.0058377374137292,0.0915693038737072,0.0011573465523319,0.1162786762008334,0.1237103899265031,0.1083862394082169,0.0668386036382748,0.0825058219112785,0.0401847716141741,0.0522072712006259,0.0627487525617755,0.0358986614680897,0.0528472173095512,0.0539571374705314,0.0378313270350459,0.0734783178541434,0.008517692919136,0.0693099011346432,0.0146885302766923,0.0132074907525886,0.0435594796890552,0.0776223056157143,0.009113590972913,0.0097976533598271,0.0111014723428038,0.0092538905239958,0.0365327623153087,0.0200455447851352,0.0321412882171522,0.0113663294886959,0.0069094593980578,0.006211438463582,0.0074977933620058,0.0293097113087017,0.0335597633404341,0.0229956710255861,0.0021476112841794,0.0012376038987493,0.0039128883511784,0.0111117823866456,0.1522910843019717,0.005111478150732,0.0155256792044458,0.0009492580323885,0.1096811519831971
0.1553351371486337,0.0942670918003887,0.1359573923863259,0.0899345541156821,0.0732463049960762,0.0668794127597191,0.0341883999473682,0.1219822070175291,0.1094324420612342,0.0703876355486955,0.1010500822820152,0.0729794445347083,0.069291498150373,0.0618037940218175,0.0791574057818551,0.0037415502044817,0.0741049033298264,0.0736619007897848,0.0191986120254073,0.0880213979291775,0.1151018789822482,0.0161372273268092,0.0907998142982921,0.0491476371712799,0.1207814968623948,0.0005745865866299,0.0732784883622047,0.0012931205013867,0.1162900499554996,0.0322407443073697,0.0906515020084358,0.0338789716944026,0.0627401724098974,0.1321830908378617,0.0403751532226542,0.0394546100757229,0.1196450877137589,0.0682573572494446,0.0385493698107858,0.0381235467047125,0.0256583755116447,0.0401309126461126,0.0270289826133787,0.0196984982632003,0.0160169740231496,0.0129677588896617,0.0438066881473694,0.0041016753396536,0.0032152498694725,0.0028902872524591,0.0152586882114507,0.0240728968517838,0.0366944830017974,0.0525960670671663,0.0156521911287873,0.0413216902872436,0.0222870874387193,0.0090151408667402,0.0022892695191388,0.041867863260388,0.018825847649387,0.028207747807019,0.0266846811416261,0.0884105614095775,0.0066654160361878,0.0080881230314404,0.1389352167352941,0.0019051575155633,0.191460456810369,0.1677846163757301,0.1593182523121457,0.0815692522872776,0.1093876263258093,0.0675191875608441,0.0841593775601048,0.0744859202505382,0.0622646861201874,0.0837330594483318,0.0653384533626609,0.0719993205145934,0.1107674449419249,0.0099259652188405,0.1230267821350953,0.0220536336960671,0.0207864557436812,0.0538952718937665,0.1275780343704948,0.012747966346527,0.0133878067161094,0.0154243922043142,0.0146139472428855,0.0512794654030355,0.0360264567979913,0.0427103465260498,0.0170338361655442,0.0086447696539034,0.0076044026859634,0.0135827049881127,0.0341622507214091,0.0521460203989782,0.0433415680084647,0.0025738273356931,0.0021797866734804,0.0062569670909533,0.0181015101399644,0.1965992803127574,0.0088890557090877,0.0206102362812525,0.0013385756175108,0.1169519692842422
0.1261174531899581,0.0774118448712521,0.1371420162387099,0.0642154502144688,0.0769208322399531,0.0582657556374336,0.028666019392199,0.1148477886557676,0.0918011462699512,0.0721291229248273,0.0835197621928978,0.0590454329177596,0.0549158188747535,0.045150586762154,0.0559994409565822,0.0026373560956204,0.0621544258099481,0.062471739261268,0.0166498871829205,0.0709025836018908,0.1180518786313299,0.0174500078340738,0.0643193189262761,0.0385771053595311,0.118121150490884,0.0005170727832307,0.0669362710226017,0.001306020672969,0.0859678448694598,0.0251506107618238,0.067507899752169,0.0291461509333652,0.0492832594751623,0.1260579850430234,0.0362280091681469,0.028275959668554,0.1018902188387712,0.0482769849127489,0.0318272581054992,0.0331932746545919,0.0266227283663209,0.034109006571838,0.0211803371713081,0.016054935881089,0.0137828527601277,0.0124612841024616,0.030940635154352,0.0034099716943691,0.0028544434341031,0.0024071660734426,0.0164578645108949,0.0223911302244659,0.0332815865772761,0.0535844782525648,0.0112273614459416,0.0356598224655853,0.0169956950335896,0.0063580672885148,0.002270058883335,0.0416657261320796,0.0148862769217834,0.0228662899242916,0.0253426296679922,0.0866792577758578,0.0052848291861601,0.0066062763338414,0.1401932939203422,0.0015464517516484,0.161778374843694,0.1528836933540156,0.142120408402128,0.0696306756880069,0.0945984782512372,0.0705419376226636,0.0752197517403363,0.069219645604346,0.046475739514174,0.0705185822898035,0.0592654238628414,0.0443488044673396,0.0893812229050593,0.0096773645830705,0.106752543153521,0.0176205298489183,0.0179284838004888,0.0444488438064546,0.1089816853241087,0.0125493642071434,0.0106722297866589,0.0123268795951874,0.0109097574753807,0.0428568988304926,0.0288039070332512,0.0339733094138577,0.015005335751445,0.0089563859767231,0.0071360518413239,0.0114666071813195,0.0311081263351323,0.0395751638203338,0.0384043473484165,0.0022884488720495,0.0017221632710464,0.0051823587479171,0.0144908609506672,0.1682438533162085,0.0067032851261936,0.0189673982341184,0.0013227965536641,0.1109571305339916
0.095129237906799,0.0573347989335237,0.1067001963319316,0.0523444883600241,0.0548983778697577,0.0459017928999322,0.0228054742824679,0.089214363996667,0.0689921726027126,0.0511500338090827,0.0588468639962551,0.0485984456614267,0.0373871095721394,0.0319365054675399,0.0439959259073443,0.0020897058646875,0.0517397312767271,0.0509104831336658,0.0126286528061421,0.0474089557744305,0.0885472840560015,0.0132773028674475,0.0521924468880514,0.031269601979094,0.0879759714898422,0.0003806280699331,0.0504283138212551,0.0010620127104937,0.0762111302697191,0.0205148075145179,0.0503044141639415,0.0222144234244444,0.031038227869072,0.0955793103278797,0.0291932511653277,0.0219282991460661,0.0799533593739547,0.0352482276581866,0.0228020543238364,0.0242989801020132,0.0201821692125358,0.0270303997983095,0.0166380681542407,0.0136729274114694,0.0107128234847769,0.0095425437758056,0.0235136128351048,0.0024794816832563,0.0021356304722102,0.0015893239125792,0.0109525588632175,0.0167844008236097,0.0233410148129984,0.0383068932418933,0.0093389252968707,0.0263917926917379,0.0130816155842503,0.0053875433799058,0.0017578169788059,0.0301485421276906,0.0101518362076623,0.0170323369555683,0.0176901406358695,0.0620918810101292,0.0042238579607554,0.0050013338344964,0.1038641490912226,0.0011235672980458,0.1230748170868632,0.1262505946997044,0.0948004199343765,0.055456743597488,0.0703052838852646,0.0525854619832258,0.0541546674791881,0.0494568598421147,0.0361956949027118,0.0524869661558345,0.0441766207776861,0.034960901675782,0.0663445119353092,0.0068522141108484,0.0794476817076509,0.012460544014297,0.0136951264539821,0.0336741781620977,0.0837024284190319,0.0088280183154746,0.0081697705375809,0.0089164954220899,0.0088725123234706,0.0345316179641129,0.0211751352378066,0.0252730118999756,0.0109951752961092,0.0067931688111945,0.0050328484394031,0.0078758657645911,0.0237793730251838,0.0307167762484834,0.0309261152298295,0.0017429109129561,0.0014063086725636,0.0035927832883965,0.009975575019767,0.1440212680331926,0.0048572727436096,0.0138227243121369,0.0010026031861589,0.0863994150658604
0.1079616729046032,0.0553466732010503,0.0958831691604306,0.0501602208712056,0.050467372238159,0.0440952901267725,0.0219403427168552,0.0872427066353445,0.0678101002380688,0.051067496814333,0.0581187705718185,0.048213824370304,0.0365730796220317,0.0313026221124366,0.0424176021172803,0.0020740445420897,0.0497565057900955,0.0486262148545398,0.012597548317466,0.0585087660773801,0.1013503219451687,0.0121142119417636,0.0606240152373695,0.0312262897513954,0.0858072429550201,0.0004051412915116,0.0470659495837816,0.0011384140636179,0.0736052371835854,0.0195582669653827,0.0484338447370004,0.0215421605229954,0.0303248472768112,0.0880405540685205,0.0284627740026313,0.0215612919385273,0.0934004940041333,0.0388450675271955,0.0224178433055171,0.0235925931220932,0.0187971872511114,0.0257345155397351,0.0162021910377331,0.0131595999591215,0.0106107423440609,0.0088729888142828,0.0235932040435832,0.0023801843826149,0.0020604783734146,0.0015759755141174,0.0108253026842953,0.0166141105438656,0.0233627737307975,0.0349091915881907,0.0090155747745475,0.0262823330285584,0.0118824527088769,0.0052467442340827,0.0016225916238478,0.0290397357551155,0.0100097077805938,0.0168379488868478,0.017591479957713,0.0596304904012338,0.0038955335524019,0.004871273401862,0.1014138444911428,0.0013416650225386,0.11652645705899,0.1252082925215351,0.0953023185462371,0.055286064845208,0.0675245783855163,0.0498406796235361,0.0528821292658235,0.046489129591657,0.0361112712466997,0.0510854729578268,0.0439027946778823,0.035306720363421,0.0637881243317551,0.0067599736994291,0.0754323326555735,0.0121401688013534,0.0122122291861719,0.0337945456569417,0.079382358576518,0.0084180457140063,0.0079728429512615,0.0110595623899669,0.0086232300433319,0.0317651970987373,0.0207832024242627,0.0237261170337121,0.0102709785217758,0.0077556661180288,0.0048433020864452,0.0077973489667243,0.0217483092624331,0.0294792017851387,0.040029135933218,0.0016901496210395,0.0013385880638397,0.0044154477924229,0.0100521152053844,0.1645986869248726,0.0058711680190124,0.0127857976631158,0.0010055990042819,0.0852372379007813
0.0918866586359863,0.0553118207777947,0.0962288826809389,0.0500805382328082,0.0646869801229408,0.0439158847034145,0.0276895053329131,0.0881502452365377,0.0855673051537444,0.0528906569234894,0.0722770620235201,0.0493359951362651,0.0366523794477517,0.0313844027454015,0.0423274465314046,0.0027458515023955,0.0501053800610991,0.0488494750198432,0.0125237039573126,0.0454245846475426,0.0849666899595543,0.0122245852334993,0.0665111560029226,0.0314579840778791,0.0862530945666718,0.0004284222284813,0.0474687183181936,0.0012245427024567,0.0728874923349297,0.020027606243194,0.0487546621760935,0.0213695548179154,0.030578621298364,0.15456907887535953,0.0285848631434387,0.021290805337545,0.0776960579547115,0.040111031260694,0.0271558529465507,0.04114783923569332,0.0188400027784782,0.0260186737854234,0.0160002876261198,0.0130108458209161,0.0105479927323187,0.0088911341409416,0.023558774138792,0.02412794573699702,0.0020433766574524,0.0015598871041162,0.0111399993432537,0.0202120631398699,0.0231858554271967,0.0352255198432579,0.0090130620944323,0.0260865515171804,0.01533627827236,0.0052451807642339,0.0016162089370335,0.0288415992574716,0.0100568248599706,0.0175366584485422,0.0177080385999729,0.0592617328083943,0.0039027419464259,0.0048077413910266,0.1117089361665845,0.0011458343401088,0.1167498352568736,0.1243742648196458,0.1171036423470093,0.0647328210217941,0.0673671591905582,0.0493684121010874,0.0524239975606594,0.0555843548802877,0.0358569665196103,0.0622035208218228,0.0444606907315832,0.0473921391704231,0.0642761407124062,0.0067714279949339,0.0751633823317633,0.0121807767336144,0.012144801224913,0.0339930068079579,0.0798706740220342,0.0084374535645118,0.0079063701612549,0.0087921421678694,0.0104111232442593,0.0314905912246544,0.0210782654799137,0.0237989200414059,0.0102140563162781,0.0063024247688403,0.0048054497977935,0.0077591421320481,0.0216388774046928,0.0366807913138722,0.0345161385948483,0.0017142702757108,0.0013577148659694,0.0033463791686192,0.0099818152387218,0.1363527802337323,0.0046978295349777,0.0127900663148442,0.0010140395381761,0.0847516333576261
0.0954770768041754,0.13840786109009967,0.1008492328736039,0.0660853653166423,0.05257239689746,0.07215502514186703,0.0220866007126458,0.0902521772900951,0.0677270537943204,0.0749643335141081,0.1150285656830581,0.0517845811381427,0.0365420492554457,0.0320252958690446,0.0447528321372075,0.002197776077184,0.0503409622183068,0.0493518103917758,0.0131750549905534,0.0468537739638659,0.0873130267991267,0.0128200831845667,0.0598533161826902,0.040099817171872,0.16223287240073964,0.0003852029265429,0.09791517753295052,0.0010594048590957,0.0759703040921405,0.0198477544464474,0.0502980217865747,0.0218785514011324,0.0313482685288876,0.2411757886793851,0.0358878057196047,0.0217280093498521,0.0840995197825257,0.0358502344267896,0.0249476277882781,0.0244262680264317,0.07002386732290583,0.0316059608450696,0.0162183656204314,0.0138135697648725,0.0112436634999617,0.009121936622292,0.0246634375126451,0.0027301069324048,0.0020956522282912,0.0016025990487005,0.0164095694790746,0.0172850638534075,0.0235675515833563,0.0367487855662096,0.0091720676329715,0.0266799029840499,0.0122400338160856,0.005255821045149,0.0016801484408263,0.0303890010865742,0.0125879349343685,0.0177805271165733,0.0179759163932883,0.0611543347273273,0.0040871920288061,0.004920957135001,0.1164041980576146,0.0011834289081499,0.1193261930433881,0.20581642409201717,0.11410359775956776,0.0579601808986001,0.08360634840790054,0.11360124090863938,0.10257175133309025,0.0606850102203298,0.0498509628229017,0.0519998136279698,0.0477446339572867,0.09581347983076194,0.0658605867099451,0.0072079033188772,0.09435196935685973,0.0130554502219211,0.0121883031354026,0.0360537757679406,0.16000558106356702,0.0087074853491771,0.0080697500046084,0.0087254533378077,0.0087213265918046,0.0321990234744771,0.0265018584764269,0.07527615531252928,0.0119353731041571,0.0069922368474966,0.0049275132533487,0.0094204033454845,0.0214704880732086,0.0527578120915463,0.0315904894372668,0.001734110323832,0.0013671290800354,0.0034669247549578,0.0100526027224903,0.1426068029567359,0.0047296751420998,0.0131217168394081,0.0010987469078282,0.1106204031461216
0.19949300220333407,0.0584388006937061,0.14872599718860305,0.0530918414575212,0.0510005184385508,0.10549891274555928,0.0225578764768599,0.1403194085068551,0.0674738960867649,0.11704546679672809,0.11292765900351874,0.0494979821296779,0.0377867117373976,0.0325580382780729,0.0444895778264504,0.0020872432811569,0.07495129618271013,0.13104173436329902,0.0159650124229954,0.0579735640103811,0.2371356838092005,0.0125047857186875,0.0550588611574121,0.0344157395790265,0.1397033949324504,0.0003716169887321,0.09820083201655522,0.0010292841754485,0.0738318623089236,0.0198691580421219,0.0485125508833284,0.0229786965815072,0.0315902724883547,0.20413571145730192,0.0400200887363733,0.0223820985986309,0.0791116881349736,0.0365589332001187,0.07074055848832371,0.0244978420669993,0.0190741501937655,0.0271223934749712,0.0170633481303598,0.0129900522317046,0.0107623721695531,0.0093109820757665,0.0239913836567855,0.0029864560861016,0.0025536441360447,0.0016384975956066,0.0119947968079857,0.0179109827095615,0.0248818308893016,0.0359275546276921,0.0096521465774796,0.0269335290328805,0.0111192057382407,0.0054896032172545,0.0016796478379389,0.0279863065333166,0.0103248578950233,0.0188409616089425,0.0185845950898609,0.0669860105588362,0.0040713727025542,0.0050213773943202,0.1087032407430777,0.001176792345018,0.20237569539222405,0.2504207016286758,0.0945971921358034,0.0554285950074523,0.1526470767183664,0.08123709114262657,0.0580288194305951,0.0686896638246655,0.08653729923103379,0.0518031862240702,0.1027067194939856,0.08759805385205502,0.24894177900562664,0.00869684052502,0.07699067960475924,0.0191910950606034,0.0125678055164361,0.0344351072581891,0.13353940754821617,0.0085779780760669,0.009351961376812745,0.0083855085561286,0.0089298514281531,0.0321922360996285,0.0214716828874483,0.07413013570666775,0.0128116895655963,0.0077796838665165,0.0051726169977147,0.0078161369147853,0.0311526625563057,0.0309948171299707,0.0312871555240229,0.0018097672284137,0.0016442259250903,0.0033998973918472,0.0124272985450533,0.1406220057238118,0.0046936982129726,0.015967484658334,0.0012864222605958,0.0859699317540169
0.18447742531737982,0.2127125324238675,0.0983872134213601,0.16004136830559954,0.0543918414618988,0.101078796596271,0.0252861997890982,0.1608492719014109,0.0680826800977912,0.18755260117803413,0.13133094539406795,0.0531782953181824,0.0362538116280463,0.0317355587693976,0.0471369465192539,0.0027400050810638,0.19226300060024842,0.19510307239754882,0.0178049005290954,0.15015145933767576,0.1467681533713543,0.012476593062067,0.0575903575489844,0.0347272745180147,0.1353784557505947,0.0004268325813361,0.21259768520432887,0.0010734524852931,0.0760992969833251,0.0206102767901882,0.0584606881603109,0.0247827548076494,0.0316172575087461,0.3913059762138569,0.0297024131813919,0.0231340437192742,0.0867428407017353,0.0339771014083304,0.0241392825902709,0.0272300590644617,0.07090115094872096,0.0270535004326712,0.07040824787814946,0.0135007519227785,0.0128912476860795,0.0101259274161662,0.0273956963857192,0.0024618122387812,0.0024370024788962,0.001686147421949,0.01239657211515,0.0149729349705347,0.0230109706673153,0.0363212075673313,0.0101083550608934,0.0311461687123611,0.0116520794301076,0.005469625546965,0.001678709207525,0.0279256653948241,0.0117370101956853,0.0190978801053632,0.0250661726852718,0.0876353745849179,0.0043183825122563,0.0059076266748522,0.1204149689182121,0.0013136892107629,0.26435390482688303,0.1529590068923133,0.1904293952995284,0.11035918439291934,0.11620310667669786,0.09844616676726854,0.0554622049805085,0.106900669623233,0.0395237098813429,0.0777026875552128,0.04728355980709593,0.09477885954019726,0.21021942511655478,0.0068025182255897,0.13157653203889036,0.0128909880962639,0.0138175532592172,0.0392175369460913,0.16457015595730398,0.0103858266468412,0.0094253590335957,0.0089672768247975,0.0121705210699557,0.0341769776282735,0.0220796241266387,0.0247746606615509,0.010777389867238,0.0067255839840549,0.0066091724041241,0.0087787388357751,0.0234394132035602,0.0316506171230853,0.0300845459641606,0.0017663556823826,0.0015721840377787,0.0037350342074002,0.06926272488253905,0.2092085803807461,0.0048895917313781,0.0138971885700654,0.0011210155504427,0.0987733671085374
0.1248577123183788,0.071438754568018,0.15480143209812894,0.0600977842027755,0.0768752154527538,0.12595093576004648,0.0251996501136866,0.093544744872202,0.0977818296786026,0.0751449642146597,0.07539306285954,0.0676205704724335,0.0419089235474302,0.0514884189176808,0.0553543276532049,0.0041223293974631,0.17219649339021165,0.11295816969115355,0.0172817691102863,0.1729652035108718,0.27058517141409244,0.0169274847526944,0.0653171759238055,0.0489028969930798,0.1274226717324072,0.0005632218418263,0.22322029561239232,0.0013555959280454,0.1078771099240172,0.0321597494057526,0.0797552952632493,0.0250043058178774,0.0389342170803931,0.11001553852464757,0.0390968753457729,0.0258305166328748,0.0946004670556926,0.0358708844922205,0.07851589809916873,0.0378681575145054,0.0449531260202417,0.0377041194557771,0.0220179295701761,0.0186278569197879,0.0167619222236448,0.0117678896741152,0.0292075142326541,0.0026664329383308,0.0025364946943636,0.0020514627572408,0.0130118622998357,0.0215758264803313,0.0295087529143944,0.0428739397302696,0.0113235499816011,0.0308671800586474,0.0141276561006813,0.0082850004473759,0.0016943029874674,0.0291818634234574,0.0129049308725262,0.0210306140641513,0.0241088534813306,0.0727142220297642,0.0050894197354899,0.0068314930605888,0.189738314302863,0.002023649989399,0.264698112922327,0.1359483750014942,0.1068871258495119,0.0710783174612718,0.1582808034174847,0.17612947179020377,0.0597621816020435,0.0723102276439227,0.0483678631678977,0.0638462660827712,0.0520249889907653,0.0453556513432153,0.14200384848507208,0.0091202858302675,0.0941417613037555,0.0160012351185199,0.0172241671544659,0.0629041173456672,0.12083901695506152,0.0119299911133787,0.0107658676863989,0.0119002087432216,0.0119156651222902,0.0386738962727569,0.0269531750495987,0.09060140373534245,0.0127816225072064,0.0071057905281369,0.0063155119066813,0.0086006038506149,0.0259663135620414,0.0542693573045359,0.0366521327774292,0.0021966129644221,0.0014563840603878,0.0051753936038529,0.0130485903447401,0.1757470274471274,0.0058460788447526,0.0177224933869975,0.0012409870462291,0.1676575017743352
0.1725139915217626,0.1131837570579625,0.1673610253673623,0.16047495667511488,0.15459116973545647,0.0898601490913254,0.0482823024705742,0.1361188900869101,0.1457967384822359,0.1030506789264386,0.1199630444296588,0.1073895511740696,0.0697076498444772,0.0755753188146004,0.0921830848291771,0.0065533599693567,0.12305405436836886,0.17207566343986516,0.027195576064049,0.16214859707658047,0.17598280317685774,0.0227457202894201,0.1023417654096713,0.0712687051757152,0.1572903956383518,0.0010366594270632,0.10674101263954335,0.0015874513030059,0.1178651833331762,0.0385018349816109,0.0945204884096526,0.0318045901044927,0.0618258395381265,0.1751522193043276,0.0554243545623002,0.0454507143178085,0.1484234836753532,0.0578256325292796,0.11206822206306183,0.0564052240154848,0.0436370502981732,0.0605081253178557,0.043318739495375,0.0264849773794843,0.0205008587434748,0.0212953249980166,0.0575088959710305,0.0042632245462826,0.0037274422853963,0.0028587258361179,0.0158280612181749,0.0260759092466021,0.043361862795087,0.0615831514538827,0.0227105451361107,0.0546121402039486,0.0225665308170726,0.0097063682587579,0.0027106895448219,0.0413178818237822,0.020595506861609,0.0314133837766449,0.0368010246206042,0.1184247765343884,0.0070178119141782,0.0136284059189766,0.188261026699208,0.0021370395994285,0.19738582227391824,0.1827264504552853,0.22486619822341047,0.0978239460253565,0.22375170267557914,0.0942616121976831,0.0902954706728556,0.1220509463980973,0.0933077813153541,0.1060797871435298,0.0812223371232175,0.0711077465345974,0.1349809468360976,0.0156876576719499,0.1382801076426147,0.0248830448078442,0.0287859392028403,0.0668284849188507,0.1950017148739872,0.0178762354761585,0.0156945059337276,0.0151419588907617,0.0200040320955762,0.0882593460364958,0.0489249805376631,0.0610438568753155,0.0296235469736511,0.0156536513596542,0.0094305110543998,0.0139521545637894,0.0462273251145267,0.0602132760939526,0.044865316796139,0.0035097171855019,0.0022325988710768,0.0073463480186093,0.0207217195770301,0.2407597272322842,0.0108266457294501,0.0333295141216009,0.0020962074089259,0.1956432891217542
0.39107632135710224,0.1541363794544798,0.33496350758563787,0.13477968031576,0.1408003874310253,0.150401790670786,0.063326608075041,0.24740307688175328,0.1715692646783975,0.1725209006539113,0.1819498113187966,0.1268976369653149,0.1008931682634671,0.1194684866201068,0.13002919770532,0.0070043848004608,0.1726653613611692,0.25004126016212763,0.0368887715518307,0.16599086943594232,0.2512551025990475,0.0480703015125049,0.1688007656040839,0.1076207100664932,0.2303015497059862,0.0010067888481484,0.1761069635190347,0.0033366763210693,0.1623310447402544,0.0573848877956804,0.1464965092549955,0.0547241372359626,0.1047567103832902,0.5790725369742595,0.0828685759014533,0.0694721372104041,0.2564893384724314,0.100984269279814,0.06354731039809267,0.0585819288571782,0.0596900298421174,0.0596636233661014,0.038738683306659,0.0471005643273043,0.027734333799649,0.0298264376367992,0.0969984317708784,0.0048994312039906,0.0059531470978651,0.0060939028833026,0.0220834567658396,0.0288889413430242,0.0534238371194219,0.0898687044490138,0.0311391735400011,0.0714733779134005,0.0348277495155087,0.0127915285675135,0.0038744160470094,0.0694370514070599,0.0355481362889891,0.0607190843326534,0.0556035015379382,0.2509907435210902,0.0098027635293629,0.0137596001287323,0.2780263934522058,0.0030593893328448,0.2718278027279165,0.4972486346929248,0.2874466977348654,0.1208928325671584,0.4013485891704522,0.1636456531565703,0.1342770117862459,0.1480443723866357,0.110938197381484,0.1524034371095189,0.15997232776021614,0.099232379351345,0.29903247558199,0.0183335393288117,0.2671045462090227,0.0353530521004933,0.0346839696574175,0.1711729041019905,0.2265512380836576,0.0201850400678762,0.0231712159066494,0.0231657264306153,0.0292807746564321,0.1050315149019593,0.0511334996730734,0.12957117111456815,0.0334167249779362,0.016079938467695,0.0114882103071673,0.0209300545570632,0.0542898656876179,0.0920045671488426,0.0908043155129184,0.0049701784708749,0.0039664295943099,0.0127837930193698,0.0276105312894393,0.3414905115266486,0.016676296446353,0.0358940252210897,0.0029437055810386,0.2063024257632413
0.34042933388093166,0.1698999254787006,0.31602067398091077,0.2126580761152276,0.18868272517388968,0.21127890684407236,0.0487132249051132,0.23397703434523542,0.2898521805632968,0.1880728582667179,0.3119723687757968,0.1388604155561436,0.1329523638927801,0.0908002022846448,0.1300696675460908,0.0060400796092834,0.1360928674418865,0.23902427283147648,0.0422340203299244,0.1132779193005974,0.2610516500865567,0.0371711547137325,0.1549299067788166,0.0937310526610521,0.2896256498278515,0.0009613452724914,0.21814053852006396,0.0035836050771103,0.1918840261632666,0.0499293532966417,0.1267744269842741,0.0603194676675753,0.1222237695929915,0.2862650718441837,0.0667340615441798,0.0686086020604416,0.2088054515886639,0.1404413818018637,0.0720093271047294,0.0792529997779215,0.0554795575707903,0.072756572289379,0.0671966066397979,0.0404004585815912,0.0304307587584024,0.0292631732916878,0.0671380907720533,0.0073874987440693,0.0045931231931151,0.0044744828011946,0.032229185216303,0.0274100098937654,0.0718827201705239,0.1167850298280086,0.0210624625443083,0.0607819275602388,0.0394242777795428,0.0120947421715892,0.0040045352525161,0.0850249823922681,0.0320495231351818,0.0499092046118245,0.0496461419985792,0.1860310426702453,0.012026177988357,0.0140503329762774,0.3274345156286401,0.0033746402825295,0.4339217230548898,0.31804243825049294,0.2694397444620251,0.1112401001999935,0.20611855061660844,0.1574716772333735,0.1584520968784343,0.1443344999288723,0.1045268237334812,0.155734017130655,0.1097814143467748,0.1556096174370457,0.33195790089440264,0.0151208215563095,0.30306003761126715,0.0389360609446514,0.0434347932563193,0.0998275724664349,0.29649517057107655,0.0336640840913408,0.033029348608204,0.0259476907452071,0.0271872354625007,0.1198576868368718,0.0731329557242145,0.07514222529820247,0.0321923622411891,0.0190970145195733,0.0132561156941285,0.0235165521082189,0.0876322257849491,0.0825534666274355,0.0581701772157283,0.0064952431208897,0.004488151962461,0.0103894356582573,0.0390345196306671,0.3425598843200252,0.0170685138292062,0.048595754159888,0.0024980633500071,0.2658080791076224
0.2134814330443426,0.1097477181534763,0.2992372537856692,0.1126287824746531,0.10617697951106832,0.1049532376835797,0.0391509465261404,0.1730924761767941,0.2133851582938474,0.47528955242398735,0.16352267410037585,0.1151066271911728,0.1065072511425872,0.0680047687915664,0.1162474138111204,0.0065549012986169,0.24839952791133188,0.26854558652845123,0.0310292618942911,0.1488677940037205,0.26435916494801853,0.0332401969829583,0.1713357103135742,0.0907430307839226,0.2434371944565504,0.00123331048563,0.2452343401056552,0.002034906445879,0.27230459041137145,0.0484551229010492,0.1897992725844343,0.036800297310141,0.0905703406739335,0.3986504041687038,0.0562490278411252,0.0432761393874854,0.2924017906765236,0.0831328613277489,0.072418440689051,0.0791645489039246,0.10478931808976857,0.0662632497298114,0.0367432138842852,0.029799498349897,0.0231944807656806,0.0235943151091255,0.071290024290739,0.0059450214696063,0.0047547065689549,0.0044762410973696,0.0204303563642605,0.0293291981593443,0.0831495691486924,0.0792715550886799,0.0272359605448176,0.0735644579423119,0.0339723729402321,0.0122300257432237,0.003730980804698,0.0536604591020972,0.024110829577587,0.0349835993269059,0.0499438990377531,0.1558650798165825,0.0076767765497799,0.0121778595683348,0.2199702902950793,0.0033349345110956,0.3817862473751321,0.3440229561930508,0.2254141855711424,0.1573474906784794,0.1455467053243185,0.1331401848362455,0.16678806165067955,0.1435613303072497,0.114186612913018,0.2026833420036153,0.1161700333515478,0.14046615671821666,0.19741275626452112,0.0177521580760224,0.23150328928605474,0.0292867613355936,0.0336485206117865,0.0896576486058249,0.21573336519560854,0.0192332528128213,0.08379038606644201,0.0228445187628869,0.0203496691530854,0.0743729427108292,0.0444910550101981,0.13125935278974815,0.0213181689367019,0.017684994329417,0.0137550739807746,0.0329692034242558,0.0557445035020386,0.0835760872528509,0.0568178313960045,0.0037311400078632,0.0029658478260941,0.0090370638491455,0.0245198678452347,0.3662131706570021,0.0140026855900307,0.0382885016933976,0.0023632596974646,0.2905255841926826
0.27782347368392635,0.18627415043947787,0.2417330429271733,0.1146563115868436,0.17746346371447075,0.1108114073378842,0.0494041615543911,0.1723621863155164,0.1713676761334923,0.22575233254743582,0.2559034240040531,0.118651168672638,0.0926563298441231,0.0797714997819532,0.1317453593689006,0.0048867755612351,0.25117536444237915,0.17703104573665301,0.0328511785180449,0.1108344391726301,0.45278182791431487,0.0286028885424315,0.17923505689065303,0.0772585775327936,0.3257613676508446,0.0009188684220297,0.184175479885145,0.0019343129246192,0.17075225273178143,0.10696911795530847,0.1138090875901923,0.0429312588726484,0.0941122681376412,0.7313714915657386,0.0495807658920783,0.0508140935560449,0.2558639987663284,0.0874842890043777,0.0563924536301725,0.058236055439549,0.0498625283262015,0.059875822113601,0.0396214529882361,0.0307650292423501,0.0250797720544931,0.022456398138573,0.0600245147288923,0.0044062155033824,0.0041728027861973,0.0032644233735621,0.0217091497704918,0.0297337876885813,0.0677316473758059,0.0929354075517621,0.0217802253234624,0.0562099843115815,0.0320773605803979,0.0138027026921899,0.0035788726173624,0.0649902451437835,0.0256439319067523,0.0398829942729348,0.0482972863402448,0.1723127296301522,0.0102754515212027,0.012341487902169,0.2469738946678127,0.0026635907667177,0.3662447009992434,0.3546244092081908,0.204311405903927,0.1308123063351378,0.20324892957621607,0.18059324522200756,0.1508723882962736,0.1202194903746444,0.0959645420821015,0.1461982853018225,0.10896072403614,0.2725471089817783,0.1946717798193424,0.016786239759859,0.148792954993725,0.0297557829532085,0.0338480079441748,0.0827708853150339,0.2424376856230308,0.0188027049713434,0.02493057512829272,0.0219131694825071,0.0221218864140935,0.068673527489002,0.0469697702519153,0.17205433400045717,0.0208246052363678,0.0169935065938895,0.0114002139113986,0.0203505725470929,0.0685075241041165,0.0648099812435186,0.0495474709619531,0.0037552465815918,0.0029826390800348,0.0081784397641366,0.0232805018587597,0.3048756003656044,0.0127967268759979,0.0358586902706713,0.0021816984258253,0.2319373570879381
0.3037336092460386,0.18666827545335346,0.27370164449391055,0.1081437882562814,0.1263124802661565,0.0886731442290263,0.0508462909560815,0.3875070560645841,0.160824126424377,0.3084008442946292,0.5431611186796814,0.0938847659623718,0.0782030746520384,0.0853539459276861,0.0935225964895436,0.0047604042783274,0.24628031418070107,0.24363483709909078,0.0308251242871275,0.15656236238520296,0.48823862710313215,0.0254076248987086,0.1131898131442998,0.0590841405896105,0.44608822131968,0.0008287144800577,0.3064259280754773,0.0018930306369885,0.1480075084241696,0.0473367465313826,0.0937298312341045,0.0418350915792643,0.0688502700057439,0.8559835189492169,0.0544396393385964,0.0590812933350102,0.20698144726975784,0.0823237802919085,0.0539751259732467,0.058264115716817,0.1711023785266004,0.0547186565999464,0.0376435525091379,0.0249367689871482,0.0233932180086334,0.0205179609827052,0.0618915545659794,0.004389985923095,0.0039565257364245,0.0035181162066778,0.0217614625553838,0.0225632218823456,0.0558958128649072,0.0729886952438328,0.0202426221354747,0.0573408450187798,0.0293163299369436,0.0102699557095127,0.0031484417397062,0.0751436352106167,0.0204672706868103,0.0318903821914281,0.0340226985069411,0.139210501281851,0.0077472296316439,0.0112935539057251,0.2206894390992046,0.00208275421712,0.2871346763152627,0.3804931165297756,0.40517177285462824,0.1219740958669426,0.24590271211992007,0.10580876606983593,0.1145804894259306,0.15861161339460322,0.0784957370146233,0.1433669436537081,0.125211022577729,0.16516835559985193,0.3645346147700423,0.0152982722295261,0.2217995893708241,0.0324073740668741,0.0229778126966084,0.0706960571057271,0.26086702931714956,0.0170473889282533,0.08967337764517937,0.018517622044538,0.0233531095707761,0.0675380562382881,0.0405169824713515,0.12572065650802136,0.0257101899555645,0.0135142843769261,0.012215828978378,0.0192978866214077,0.0660593044030416,0.061561761650004,0.0541146414095927,0.0035145610297558,0.0027020440570756,0.0066946049103158,0.0212574033729308,0.2735197302850307,0.0113955201626228,0.0287745070064327,0.0021498709193906,0.2073352123116852
0.3829944154179816,0.10431203122109148,0.15613416782631714,0.13341497337223016,0.0993353058751426,0.0625714857980252,0.0363716794176154,0.1214287380217427,0.1157225404457867,0.15806771378837994,0.1954683475938952,0.0726832509259801,0.0567745378332585,0.0532855900518967,0.0636802961816995,0.0028688743803587,0.14738125588655543,0.19242889229066168,0.0194419182479409,0.1630135735374666,0.2721328570669121,0.0141045751418209,0.0744599598437168,0.0404348346439497,0.15944721548822052,0.0005389951264193,0.2728435252079884,0.0013296651923111,0.17771078972682158,0.027398450255751,0.0724460112679724,0.0318440230711844,0.0453210546725935,0.676950253159456,0.0407258737132885,0.0362587479368954,0.17776989088902406,0.058536338947859,0.09217470005940637,0.0321395909096451,0.04713664039717484,0.0372061270194484,0.0266317292848661,0.0179672605856068,0.013902294023977,0.0128460561338707,0.0362419462089574,0.003463584415231,0.0028564638228726,0.0023377719844027,0.0139778449312034,0.0189949319796395,0.0393511045170179,0.0559023850027384,0.0129483117610844,0.042248092802446,0.0155327557393686,0.0074563614275407,0.0024023306812575,0.0424294254699698,0.0163128072178016,0.0240251418724326,0.028535271463089,0.0938198904153307,0.0052964735149681,0.0085507040969494,0.1522507333880621,0.001794134725481,0.29739642486403556,0.19726419527886713,0.21377708313199395,0.0889441828766325,0.1650943114476459,0.0761072396189428,0.0795264589941705,0.12810442832826385,0.0532558205578213,0.08272853977971,0.0711609024315808,0.07277497859731413,0.5478618014408997,0.0120545248311063,0.16029855512005609,0.0175801356426165,0.0163448071067109,0.0496604659022455,0.20367527152930803,0.0134691941745238,0.020989248079680077,0.0129959857582719,0.0124345735690405,0.0559333420908928,0.0301367012883992,0.09511837280301152,0.0143396671382503,0.0085178107182932,0.00658312351731,0.0152171162608501,0.034160978257947,0.0432446420595419,0.0368267535733136,0.0024239216207896,0.001992572423049,0.0048197501083342,0.07803619130919512,0.2154202414761859,0.0079445752502904,0.0241281981737405,0.0015220062143549,0.144638443397999
0.10906415103813616,0.0493110535502106,0.077052090264669,0.048117929596852904,0.047314586997874,0.09292126588489026,0.017718398423884,0.0611595837597797,0.0621361528877782,0.11120128854526708,0.06924932305931794,0.0418658123385906,0.0341523662464681,0.0316995085311927,0.0368776415380914,0.0016249330852397,0.0410922513767396,0.04468996796763863,0.0111847133207087,0.052695798756734004,0.23895967639291296,0.0091069952355678,0.0414785231167386,0.0249663682637871,0.19549518239509667,0.0003245190709878,0.11969598020338623,0.0008385806955489,0.07498849947611064,0.015019472820774,0.0398217143296657,0.0168975450821893,0.0281028892147998,0.5024594359921486,0.0220855597619138,0.0173304084337408,0.14131010935803326,0.0284116219682445,0.02776509502845592,0.0189642740556171,0.0156833611240977,0.0197166980733121,0.0139401198729528,0.0108404292590971,0.0087434440995376,0.0068037382783602,0.0197913824138783,0.0016814591774031,0.0017143555509132,0.0015760780813943,0.0077357325671632,0.0118498256510524,0.0231809749222697,0.0281990593756296,0.0074109929572392,0.0232294763250025,0.0092811462249115,0.0041713809861717,0.0012070161368752,0.0245628194821016,0.0088448958595056,0.0129318361912665,0.0177467928693537,0.0557269657817805,0.0032325896223616,0.0043407062011123,0.0866634960074935,0.0009570094447228,0.10168742475946126,0.0958955195786565,0.09408081372728712,0.0459049887120386,0.05995650839524884,0.0444819698851879,0.0483833746370528,0.10879842537057981,0.0321330218236001,0.0453911805281106,0.0383856912598227,0.0324613684871591,0.1850778090908316,0.0064856766546961,0.061565839430014,0.0116414392754001,0.0108023529823979,0.0317725008239865,0.14816480623185674,0.0067983657389229,0.0076676441109618,0.0075584752897442,0.0072094692751448,0.026180884442051,0.0180608281938223,0.02507781808212768,0.0084936317259776,0.0055006229559569,0.0042009528181649,0.0074036433088495,0.0214624291379486,0.0276626510672056,0.0215909818714694,0.0015028026797666,0.0010416956473499,0.0029616440481254,0.014579263177818895,0.1032580170021897,0.0043412878390221,0.0134569245737458,0.0007448240567148,0.075796399655685
0.0739447522672616,0.0456264348622108,0.0736361869473529,0.0382686816321199,0.0408113437727738,0.03424922226264117,0.017037139269958,0.0555446192603335,0.059090893373877,0.045438202562355284,0.0447143132211749,0.0375935032055607,0.0326870433799042,0.0295808894396496,0.0360486108395277,0.0016226476659918,0.0362448874819158,0.0347727707460018,0.0103405144576756,0.10369171810418466,0.08494585753208,0.0088494255903879,0.11229143183849141,0.024990894465014,0.0925555913309926,0.0002967772637346,0.04636145866883956,0.0007637179747496,0.0542397356116094,0.0143017594435172,0.0379615325159456,0.0153769545420453,0.0258048563612595,0.08715582561144038,0.0203266987876967,0.0168817592902215,0.06547911542355384,0.0269437464838663,0.0181033749259332,0.018430112110813,0.0147882490050851,0.0193748904569158,0.0133068012986797,0.0102736325773482,0.0079470484507984,0.0068157339336409,0.0198121744992392,0.0016157231556036,0.0015790213205037,0.0013746066446759,0.0074134103768647,0.0111895605184479,0.0190077365010086,0.0273020319083617,0.0073217928131501,0.0205855360054383,0.0088924282673644,0.0039537112394519,0.0011516870027456,0.0203505765114664,0.0086221340801015,0.0125419725681265,0.0139723932823686,0.047631808092641,0.0029082118912792,0.0039389036877153,0.0763571405556015,0.0008290780929378,0.0886942844537796,0.0881977321272167,0.0744258046466638,0.042863600579133,0.0546018935630515,0.0348946616083058,0.0411237146391591,0.04419986216687965,0.0305082971783065,0.0402282004451018,0.0368235035105828,0.0291663220651067,0.11455353350852654,0.0054800016303256,0.0560563219123246,0.0099052364452819,0.0096440628276224,0.0296568726840481,0.06439395481086549,0.0065483984613592,0.0069558248315585,0.0072615876311439,0.0066916755618998,0.0265143142314885,0.0166233700623301,0.0204010706885103,0.0083380324683162,0.0048853217528413,0.0037314216333416,0.0063733206496996,0.018921743758628,0.0247553050154962,0.0193410765800254,0.0013988149186767,0.0009749318931704,0.0028987957714533,0.0087143682669502,0.0982934408938084,0.003850693350924,0.0108305180241954,0.000716498473917,0.0712856556890095
0.0733125315686518,0.0453558160463443,0.0742705236822306,0.0391320561536573,0.0407809325813076,0.0328480346162952,0.0168326337078039,0.0559824173847186,0.0583481634858373,0.0413480094535493,0.0445777957040931,0.0377003207157097,0.0325970553168046,0.0295224747018176,0.036176030734232,0.0015986241892467,0.0362935581012,0.0347840846057301,0.010464010797901,0.0409890836266403,0.0605751653616144,0.0088978517522702,0.0493506861499268,0.0251354425020319,0.0688958846388962,0.0002964722732939,0.0359111622381267,0.0007596149552167,0.0541000919312444,0.0144418837029687,0.0384457551014758,0.0152648818998691,0.025217788630405,0.0646344089844977,0.0202654255859431,0.0166549549400325,0.0625594964761685,0.0266618157294419,0.0181357877896186,0.0184795225990457,0.0146897398425107,0.0193769347608416,0.0134843034001877,0.0102976251802846,0.0078978614352541,0.0067155929886076,0.0198859528666489,0.0016481645400774,0.0015809462578352,0.0013584889297384,0.0074157062357628,0.0112330337774517,0.0186697615348193,0.0275211694531764,0.007342993551622,0.0205145652075638,0.0090716622254831,0.0039362524928076,0.0011564302151037,0.0205575565084739,0.008708110606387,0.0124466816337398,0.0139401473635708,0.0476084622882023,0.0028965675624711,0.0039472045559252,0.0757913524000668,0.0008272603752183,0.0896891621418326,0.0883632359521178,0.0742110578635562,0.0427492190069245,0.0544136510292206,0.0345810061840766,0.0409891019931755,0.0387259866717326,0.0301730146587157,0.040093396787582,0.0370689620144356,0.0293180654817167,0.18695079852702565,0.0054630323036519,0.0557556586251627,0.0098997864333205,0.0096498630823544,0.0295155296203976,0.0619915796408778,0.0065610208603722,0.0069231332954896,0.0072064469815172,0.0065844521328519,0.0267493270856213,0.0168674001995509,0.0204522356505738,0.0083624786819625,0.0048316448777329,0.0037377710495026,0.0064835245838483,0.0190262978397637,0.0243299762379602,0.0193269181371158,0.0013950553070029,0.0009652810376579,0.002905922895612,0.0086513810568753,0.0983296032588018,0.0038418282224548,0.0107115886440962,0.0007126455416172,0.0711749721494782
