Node_0,Node_1,Node_2,Node_3,Node_4,Node_5,Node_6,Node_7,Node_8,Node_9,Node_10,Node_11,Node_12,Node_13,Node_14,Node_15,Node_16,Node_17,Node_18,Node_19,Node_20,Node_21,Node_22,Node_23,Node_24,Node_25,Node_26,Node_27,Node_28,Node_29,Node_30,Node_31,Node_32,Node_33,Node_34,Node_35,Node_36,Node_37,Node_38,Node_39,Node_40,Node_41,Node_42,Node_43,Node_44,Node_45,Node_46,Node_47,Node_48,Node_49,Node_50,Node_51,Node_52,Node_53,Node_54,Node_55,Node_56,Node_57,Node_58,Node_59,Node_60,Node_61,Node_62,Node_63,Node_64,Node_65,Node_66,Node_67,Node_68,Node_69,Node_70,Node_71,Node_72,Node_73,Node_74,Node_75,Node_76,Node_77,Node_78,Node_79,Node_80,Node_81,Node_82,Node_83,Node_84,Node_85,Node_86,Node_87,Node_88,Node_89,Node_90,Node_91,Node_92,Node_93,Node_94,Node_95,Node_96,Node_97,Node_98,Node_99,Node_100,Node_101,Node_102,Node_103,Node_104,Node_105,Node_106,Node_107,Node_108,Node_109
0.0754144499507708,0.04521794396023061,0.0738130083122001,0.039013407829450085,0.04046113989604589,0.03275869803813335,0.01689781985574058,0.05656552189659645,0.05833008079244052,0.04063499353031913,0.04536656358056606,0.03709776040204861,0.03238260100550992,0.028932652748964827,0.03619606530887109,0.0016123544211622733,0.03691359725107297,0.0349496440864196,0.010396272133672948,0.04032847473556075,0.05989596259226452,0.00881720541139304,0.04080006656636669,0.025025857347614013,0.06828246959041526,0.00029834226518768566,0.03630122032214314,0.0007637092819116835,0.05360246339231656,0.014395072961349788,0.03809137768120745,0.01527474014154206,0.02575949856102726,0.06404556617880215,0.020358249913972806,0.016545653936955815,0.062048409362377585,0.02672634718391349,0.018243501269548715,0.01848318263521114,0.014776541634320793,0.019181703735926287,0.013271523976070499,0.01039325284055953,0.007885564681368067,0.006787187310947603,0.01986829077263271,0.0016161142298274367,0.0015778281775296191,0.001362738145494738,0.007500161045228004,0.011338114168690181,0.01850911158097492,0.02772624796443255,0.00739057743130339,0.020504108695024333,0.008993425962291178,0.003909630075660903,0.00115753154145601,0.020373527497909813,0.008607367490276251,0.012262216872024037,0.013976978711188479,0.0473638619280599,0.0028852494053383444,0.003979638680003739,0.07686834271757015,0.0008259349560479466,0.08750043122811606,0.08789182899018036,0.07445871603104814,0.04282919674686723,0.05391167093900477,0.03457069639769241,0.041379478666527914,0.0388098445482644,0.03020402743031197,0.040260274418787614,0.03729078085499606,0.029166973324405487,0.05407864393444297,0.005471577571726921,0.05581786482250655,0.009968606192205033,0.009643752099690421,0.02960298160726816,0.062210593749910156,0.006666742572336566,0.006960572887987564,0.0072196012002909045,0.006620471959244265,0.02626940312236819,0.0168300997755347,0.020535406888465592,0.008244440942349041,0.004921906927863196,0.003739195598000254,0.006362314277141545,0.019033932620536303,0.024402984227884204,0.019614806476276624,0.0013877613787369792,0.0009776789917011785,0.002951212530038652,0.008629832800797032,0.09822111616382158,0.003859601513997393,0.010880318961026682,0.0007212411723624783,0.07105805291757894
0.07461222690817304,0.044714633965569905,0.07248407285263142,0.03872926479472506,0.04061699725231017,0.03286451062456286,0.016983273965640703,0.056580553591854314,0.05932998676434607,0.0410882988051485,0.045520088330415695,0.03690799303053843,0.0322622721395262,0.02929882970554632,0.036182041106623763,0.001617191006082197,0.036266973309154085,0.034804072424583284,0.010293512119231699,0.040777806415320916,0.059604969529573996,0.008827466004108697,0.03993540084842119,0.02510804621342748,0.06827434977629578,0.00029662938958160197,0.03630717843951609,0.0007596410337307641,0.05321785156080274,0.01422630791919715,0.03810056672367214,0.01545305324969589,0.025538163978881156,0.06498657405231083,0.020261081590296433,0.016587237913693573,0.06285695458472405,0.027034377326590746,0.018126301097808297,0.018547639938790477,0.014632875470226653,0.019127938542677345,0.013243079020290732,0.010377600523405814,0.00798628956246428,0.0068909725056864116,0.019839673708910148,0.0016183184663615465,0.001590523218774098,0.0013677199846572276,0.0073737248159122465,0.011344599129978036,0.01868989361764294,0.027114374373471622,0.00739489610025137,0.02067719734940172,0.008983276925630253,0.003924787047250132,0.0011584576567976947,0.020392477853688726,0.00859279519768549,0.012329369113945636,0.013903611850070613,0.047417451160976135,0.002899013850035859,0.00398692724721239,0.07679902717018457,0.0008198758969831641,0.08810298922408777,0.0880870863116929,0.07461257675304478,0.04309236372355025,0.05391167093900477,0.03452588847994539,0.04083878453849393,0.038761206979876006,0.03025089117405745,0.040188224188044276,0.03689245252851901,0.029372445633162783,0.05364790372780847,0.005423821038088022,0.055905685336403756,0.009872002058615638,0.009549912264205613,0.029733030133869003,0.06214641136750492,0.006674841337021203,0.006980966179535261,0.0071643075946319565,0.006483220396395423,0.0264017569319159,0.016871853981523046,0.02036275331603985,0.008221511464585867,0.0050286462705605335,0.0037290202515885156,0.006409354251577798,0.019075923914785502,0.02448667631389457,0.01962403091635405,0.0013759474678968443,0.0009862495275667188,0.002953545043399678,0.008603019359975645,0.09773964010419502,0.0038276698376667946,0.010815222022168752,0.0007096089085334191,0.07022870583263982
0.07362903362842674,0.044625965300522735,0.07284168018691868,0.03816710815899787,0.041389631585498306,0.033172062778890836,0.016896359101725197,0.056423973432918266,0.058770762727814826,0.040786671463079,0.045706248580981865,0.03717092844013604,0.03242983611909093,0.029415659181210432,0.036089481371791375,0.0016335964186677242,0.03640235125018834,0.03526266087223347,0.010321621360850155,0.04092786704252559,0.059834216885959975,0.008810588767492291,0.03980695100597466,0.025325390103023083,0.0689815117696108,0.0002959454716237772,0.03563510279984626,0.0007624575132406312,0.053136195510419815,0.014288978879193615,0.03791518778003681,0.01549577229694516,0.025640936716116305,0.06388659287895941,0.020213297638182644,0.016699209447386527,0.061679966932462194,0.026953211097188828,0.018148436712032465,0.018366061477918715,0.014678366968053903,0.018910015744185417,0.01331196043281625,0.010496878035146562,0.008051661276138034,0.006849898774630306,0.01974398540208782,0.0016417295914859236,0.001572594257016545,0.0013583131001209967,0.00729902740676396,0.011383388805829482,0.018824310857505216,0.02727391384124465,0.007394267930222573,0.020641600710969345,0.00902781444573451,0.0039606599943352435,0.0011660793357583148,0.02048133396634097,0.008526151246237077,0.012256099764966402,0.013783207364284436,0.047402594739969654,0.002914833176287743,0.00397437471479749,0.07727817089148732,0.0008216841474228101,0.08852346583186867,0.08804617525385218,0.07490219693562664,0.04368616493239871,0.05431952976230515,0.035008465788778434,0.04014059361465917,0.03831172876166596,0.030182318490194582,0.040088283545400276,0.03694445978776231,0.029176090954588056,0.05342581244080561,0.005468062496915936,0.05657531675486989,0.00987478049608613,0.009611643546709965,0.029751746795265654,0.061664712662442854,0.006643832553318763,0.007033039126273463,0.007098307066715398,0.006484962167497565,0.026435410998873546,0.017098625713601986,0.020426765867696393,0.008267548859627877,0.00496826676796722,0.0037328054804536825,0.006486959693755042,0.0187580201265049,0.024720708894835398,0.01946893160993585,0.0013661893746760888,0.0009835744503457818,0.0029078342607273414,0.008623885092105744,0.09854347781747716,0.0038315429520465166,0.01092430978856091,0.0007079028431718238,0.07120537114977206
0.07316133132722473,0.04515951489771399,0.07395811284030335,0.03793068714397242,0.04159348160329518,0.03299814935828871,0.01691242739589445,0.05672899158252568,0.058787505962441505,0.041206702661490964,0.04583035541469264,0.036936164681566755,0.03266187430478446,0.02942734212877684,0.03566034078302302,0.0016265984294978714,0.03622321065147837,0.0354670646046565,0.01047564618070212,0.04012272588692885,0.06037482025073268,0.008820465786648484,0.040201783407588856,0.025250506914170818,0.0692487274706338,0.00029713770698268794,0.035420213366594844,0.0007567984757069165,0.052713714206264625,0.014340255119190723,0.03777695261948114,0.015387850493368061,0.025532422485180863,0.06300689309417931,0.02034864739728008,0.016515896595804026,0.06080111342991167,0.026645754567440196,0.018260695898454977,0.01840164516285999,0.01476583775247909,0.019129778416210576,0.01318047223036369,0.010727435524315938,0.007935655869992217,0.00684230658774378,0.02005631382412238,0.0016531596244813483,0.001556622049736524,0.0013487889958397664,0.007342156756063629,0.011378224855174339,0.018620753131178232,0.027458209433327295,0.007410364787210496,0.02029297613332234,0.00900584128869192,0.0039803770863166485,0.0011585828075195439,0.020235611019741057,0.008540043498506936,0.012352206313627476,0.013855686723050074,0.04707044761318186,0.002909810132488176,0.003929711994624476,0.07580174973217468,0.0008291917002952672,0.08960938421401705,0.08765937979790353,0.07541396896280256,0.04333319054941129,0.05446373895488909,0.03451518216331556,0.040838335829673986,0.038252189669328446,0.03031016002644144,0.04082412557937911,0.03721789189317782,0.029097288579438666,0.05332178020636742,0.00544315394954844,0.05600021436177921,0.009826692155250701,0.009709419269334314,0.029754328403734157,0.06178976905702626,0.006649596538995217,0.0069245343613212156,0.007213559437016968,0.0065203549562931045,0.02623546624812518,0.017043510161697372,0.020556819537787322,0.008228916704486035,0.004858064401069343,0.0037188856065624235,0.006493339183581715,0.01880170803870357,0.024863672275801423,0.01943439359011105,0.0013729200652381685,0.0009717012229882388,0.0028881050852153267,0.008691649969817973,0.09914997233893812,0.0037788685964822953,0.010927155556379837,0.0007138291754805234,0.07122875499615193
0.07402544462408539,0.045644373609474716,0.07403502616940726,0.03793068714397242,0.0412318735297674,0.03275759963758218,0.01719106622432945,0.05602250190540627,0.0591652333356195,0.04145344938401486,0.0451606381675941,0.036728007482302,0.032711522891322155,0.029363252816412534,0.035711228602606185,0.0016144272432708122,0.03622484663868119,0.03524870711190201,0.01057022686663964,0.040042806912666866,0.06087929580862507,0.008928249956857794,0.04080523904324374,0.025196236171030496,0.06875415697426526,0.00029780622138290405,0.035395189273628426,0.0007530344768557671,0.05351903221040356,0.014463133315940544,0.037850864482784026,0.015439563024248752,0.02580255976377942,0.06349593203450277,0.02062277638572235,0.01653954986697596,0.06119727354721521,0.026764492443667746,0.0182571383890261,0.01841425195409633,0.01476667399324797,0.019405146155017917,0.013065995226955897,0.010518814129259802,0.00796567441624351,0.006889302224571377,0.019591733680251355,0.001608328297553726,0.0015555879924922995,0.0013682914309141017,0.0074451424266347,0.011262696470749902,0.018686029884575798,0.02755020441378645,0.007314882942833357,0.020621132643870735,0.008838135847945367,0.003944808147257683,0.0011569183029189489,0.02025077130436419,0.00861931677020068,0.01250051217584704,0.013761315639596042,0.04697281970371069,0.0028917402216767463,0.00395890675549913,0.07594211371563045,0.0008194120002735168,0.08746288867384992,0.0868727717312387,0.07471953875229374,0.04326661689996176,0.054565566056522796,0.03455919702057149,0.04085807901775158,0.03830921302537001,0.030469014334284568,0.041059799559939596,0.03762213013547799,0.02925359081113994,0.05337847192962867,0.0054038820792464,0.05614109310282263,0.009843469643053281,0.00969605796825535,0.02968494767614313,0.06252952063980015,0.006573424373853223,0.007034206681133063,0.0072475921541929455,0.006552124861196187,0.026158825473793067,0.016985239847562516,0.02023855994997381,0.008214463103717031,0.004827790866929124,0.0037472544723583527,0.006402063406061598,0.01905259541798039,0.02488351416853336,0.019459278126133888,0.0013898594391841541,0.0009728844302205762,0.0028881050852153267,0.00864757842344973,0.09870259222344817,0.0038452279561882025,0.010950751714545097,0.0007169556014780881,0.07156782076865993
0.07512301736107709,0.04607182832999104,0.07285040231702326,0.03828444303312161,0.04192230261102347,0.03296263440713416,0.01720768230125447,0.05539931287284087,0.05901454422397935,0.04060906567856531,0.044938624831733706,0.03683286862779628,0.032824956120286755,0.029400972047126946,0.036168417595869216,0.0017210978579332967,0.03656186000246434,0.0355417360788627,0.010333832752700799,0.04113149038652287,0.06023359336929144,0.008895837991083106,0.04030997438226697,0.025213195778261845,0.06863457425723286,0.0002953786207037783,0.036047801729879925,0.0007689858345736876,0.05422375942783889,0.014410625214321885,0.0403139273869044,0.015534340505595306,0.025723614225400458,0.06381459151894094,0.02070919903595686,0.016851811196882883,0.06133383386068844,0.027034090520126425,0.01814863435144518,0.018886396619431423,0.014923385513336692,0.019512267680730645,0.01309430074667792,0.010294540417049946,0.00826956698838388,0.006768966062419939,0.019684291995729027,0.0016050219427525612,0.0015642422561978088,0.0014252016171114865,0.00743932078442885,0.011441753457420207,0.018903822416939636,0.027725636702103918,0.007646242633023752,0.020615793148105882,0.008837544641926284,0.003939336002787072,0.0011588080788188725,0.020293304325112418,0.008619122472966133,0.01275661505799339,0.013877282613621056,0.04788914252793195,0.002944123392729374,0.003933072833948467,0.0769107984903438,0.0008910225045954144,0.08987593634930671,0.08733859991256149,0.07491700705859956,0.04430945514033218,0.054316777678477215,0.03471463687682668,0.04039904989494762,0.039653035496790875,0.030702299293958752,0.04172638040436515,0.03727777904018525,0.029371794373864026,0.053428150243826696,0.005406609292461819,0.0563588147935261,0.009971598355634792,0.009665710206889954,0.030498799745838787,0.06248783517493901,0.006562844906472392,0.007009921540053364,0.0071978049656950555,0.007010489344436049,0.027814662129566316,0.016829728627037025,0.02098078999435759,0.008306359454285386,0.004858399532443589,0.0038078588355866705,0.006415663637120663,0.019249827254605445,0.024767515411023556,0.019522133031777786,0.0013870573316070542,0.000984099177031427,0.0029328439873205696,0.00945090911045844,0.09828620842080973,0.003805334878077064,0.010992489642556011,0.0007248002369445627,0.07111729199507458
0.09564159520158318,0.061066570900045754,0.08835042043375853,0.053950837812113774,0.05052296769755819,0.04992303731777048,0.02656143804453082,0.06451102548164662,0.08242091650269803,0.06096891126825612,0.06292997882533974,0.05066632310149111,0.045332952109276424,0.03994566672206722,0.05793037326029343,0.0025470731771152183,0.045688214613456006,0.053213984974329796,0.014003471205628618,0.05246808190576997,0.07302480761257062,0.012697627325707988,0.05405841792144433,0.03837959116454448,0.09016610680734284,0.00046974381212235516,0.04139302742907437,0.0010154104060110833,0.06340414799081885,0.017127650003357742,0.05779907710285376,0.018943389656730248,0.04476843590394087,0.07677412343751223,0.0323298446536009,0.02303771386490465,0.07298945942797562,0.031800527150623044,0.02395824488822337,0.026816271642430316,0.023808276434567444,0.025455876914646465,0.018058782146594017,0.01509386075775265,0.011143029036173513,0.009993975208078433,0.027337120833412082,0.002062454351883611,0.0021843584312727176,0.001780113700034517,0.010615723564884815,0.01766923776377531,0.025970386842376948,0.03800981975017807,0.010829808338966728,0.03028784476816065,0.010729798040338061,0.004622876334715121,0.0014161555081575103,0.027969040653606968,0.013168300773949948,0.016823811572759133,0.017758626234050147,0.06054362970666797,0.003579277496034373,0.004989712619002673,0.0993031860732522,0.0011087888742956108,0.11174259708162586,0.11887451693037578,0.10086434250718442,0.05861206649958574,0.08155910507446792,0.04400097869733708,0.05016788961397493,0.058051453607851064,0.0402132271698334,0.04814349934250653,0.05481722721998684,0.04000946375973309,0.06662095714255228,0.008315515512766294,0.07102423074967813,0.01368166728257805,0.01296667660523525,0.04447853230384242,0.08086186174206572,0.009504739418627872,0.009386518375266384,0.010817662424961048,0.010029954056266487,0.0377960624590046,0.02387913761761212,0.03082181822631632,0.011053971116521401,0.00746086221915054,0.005637793134273839,0.00710850427401108,0.027409923359790683,0.035915606527491796,0.023409483697896978,0.0019483377845255444,0.0013482903631448994,0.004141604244634694,0.01306974858713379,0.15593211785159422,0.004382213747634576,0.015035495697635856,0.0011037508220227508,0.0952782615362941
0.15034709602341892,0.09049636712552225,0.12218277018845779,0.07710915186724585,0.07155658317023547,0.06531309357374886,0.03322850196500731,0.12500670936753758,0.11433352170115708,0.08238661320950297,0.09269217651400374,0.07275328878061994,0.06268375397679715,0.0627057175739445,0.06777456185493494,0.0035924487440932213,0.0762312776967058,0.06741250180457822,0.021530181456210613,0.0877242523812566,0.11725706687996304,0.016822960957740534,0.08644114044990484,0.049171641538438136,0.12125687507084457,0.0005265059219102892,0.08024193873989502,0.0015270795431416235,0.12150006099623692,0.03298478872678718,0.08430546937760894,0.0350664574369673,0.059144561980092054,0.14442973800377493,0.0446494163076653,0.03659866833389856,0.12689698119211226,0.05719265066253038,0.03856814555499382,0.03666481895746279,0.028528186582298283,0.04141453108113212,0.02924406382669932,0.02131354319228771,0.015932162588258893,0.01316842038907266,0.04406379457925186,0.003986521756847499,0.0031456498626497432,0.0026428803281690182,0.017269778611209253,0.02125193869156557,0.038607640933150354,0.054212550295234495,0.014900193083063803,0.04425997031084546,0.02341688214118704,0.008276531652361923,0.002355336585203113,0.0412313418657252,0.02008382509443883,0.024145852785036625,0.02793546779003879,0.09322828650739408,0.005922886217375242,0.00842858010416453,0.1547712199798699,0.0015678194021316143,0.1705708410528264,0.1821276613359803,0.1593832522963048,0.07719236993823364,0.1171969393959657,0.0783666689580807,0.08153532838106523,0.08082096353312737,0.06707959120368431,0.0806381534077563,0.07278612928293383,0.05996437430324487,0.10964529949180518,0.009703909458367257,0.13239308388810334,0.020167502105521963,0.020707427272958358,0.05851473754709456,0.10411904276435453,0.011459168334009654,0.01258452897270398,0.014503520412143601,0.013103204659731086,0.05062052442815055,0.03243726525123288,0.04416054637590259,0.01819021344682233,0.008938400592971909,0.006679341592979457,0.012508076421595191,0.033162730671931824,0.047210222390288194,0.043387904730714195,0.002595793606146806,0.0019570041847690872,0.0058718108222138325,0.01973098731453529,0.1974795755977399,0.007728111191068148,0.01859614410740776,0.0013424530387872076,0.12446208127990797
0.14013755433285827,0.07254839422019771,0.15433650635848703,0.06286609916204579,0.08228032956100427,0.05744378589164048,0.028084091511319458,0.10668369916884271,0.09797136309457674,0.07675940511719792,0.07955294006354953,0.06385769869549897,0.06660047580365981,0.058173067716679086,0.0623776481386688,0.00296913164798457,0.05990944237086353,0.05894181502606592,0.015764906879178763,0.07649351099281396,0.11576268941355002,0.017227343382805186,0.06605080556086597,0.048375844583736345,0.12557956884208954,0.0005128645312920545,0.06444498354505492,0.0012900258510611317,0.10799486031551152,0.02477011950346698,0.06635727182615667,0.026242639333281356,0.04733115161706443,0.11193074789959823,0.03332622007614586,0.030312620767769815,0.10639873730685535,0.044819819791862815,0.031746028306873064,0.029418354020678907,0.02814518831014975,0.031798738705274034,0.025411245471433242,0.017723107288106905,0.015332515001696882,0.011094766384755829,0.03689991510376608,0.002708082343164835,0.002378936187489783,0.0025219974661380125,0.014921606928236079,0.01959322970438228,0.03306277727305255,0.04682361126672722,0.012164905213921058,0.038011202913033476,0.017299969064744382,0.006934336216931693,0.0019246053458145077,0.033944508949715686,0.017221341086526985,0.024128860820987637,0.025729284859448094,0.09793936372584262,0.005717463296273467,0.007097161335344165,0.14759272860375183,0.0014867132161816277,0.14466084722604292,0.13916454202583653,0.1468086351076721,0.0758224718898293,0.10237091339809916,0.057764940050586015,0.06785195291683585,0.0641802065141721,0.05729678469681567,0.07204837138255424,0.06490111959175136,0.04326315521631458,0.10390774642731265,0.01038098559264872,0.10796251467832688,0.018095749519351997,0.016670967859405975,0.05542584301453043,0.10003320553391744,0.01167608389623872,0.011918477843796968,0.01268387897446263,0.010324522385060852,0.050420014062831475,0.031521085184724094,0.03316977157352124,0.016224612961995677,0.007834142714831491,0.007677624478742361,0.011061124003764754,0.029921342079483066,0.03914907189307749,0.033623727647822434,0.002196246859914595,0.001637805739760065,0.0054636209840342115,0.01739685291517839,0.15012134240236705,0.00694591422478114,0.020352694293639777,0.001182564511334728,0.12906246332437285
0.10001856799356926,0.05730302172408485,0.12254196336458226,0.05131955947821939,0.05610294615673924,0.04502087565789289,0.020826335185870994,0.08019284155940846,0.07433929201309036,0.05474320193130026,0.060121946798898436,0.049255784185420697,0.047213047542540694,0.040670009471184675,0.05340616561530414,0.002363371532299523,0.047184733907245494,0.04582829734375302,0.012570936699376421,0.05207486354836396,0.08683088479457858,0.011926452684406133,0.05034156224554998,0.03461481927621916,0.09666195810292952,0.00038491025894838826,0.04913023864959966,0.0009930524266920139,0.07986730951114057,0.021083311652864235,0.04935954088442089,0.019792582053466717,0.03161008064162076,0.08015105851085358,0.02698192874980347,0.022467937082722624,0.0807889462425335,0.03618436395771979,0.02273288052938599,0.02230141369708127,0.02203862371945671,0.023108607147025173,0.018865280304585105,0.014991949320518217,0.011130822699595427,0.008889843469170962,0.029650855149543607,0.00199419412373053,0.0017802329516568142,0.0017904583425307462,0.009890314148051808,0.013966925327786777,0.022077574100041797,0.03790590515431059,0.009192561680161061,0.0271864876447406,0.013361551634286206,0.005669532539014378,0.0015440970911040108,0.024842231950086256,0.013071735048381838,0.017522793005878303,0.01744119622606841,0.07126996567334837,0.004210387070565694,0.005237726364297059,0.1042800423755361,0.001216696929327471,0.11694974935834088,0.10792615997413663,0.10680073346550314,0.05238676007153038,0.07649637166459354,0.0415294056768306,0.05484029455606447,0.04969753194776075,0.044175970207134894,0.05491017810980274,0.05016100154015901,0.03347896114146433,0.0732661622299802,0.007893221697543125,0.07682343399029233,0.012838945825182042,0.013312620369605293,0.04087686578922183,0.0729846322314012,0.008687420842075562,0.009338337278060185,0.010186642313907137,0.007795052719685191,0.03784611934851302,0.022962771976854493,0.02550629707942819,0.012172697659993844,0.006084365954664327,0.005670517048333991,0.008756235360672255,0.022484641452500048,0.031818764444826564,0.02560961991729538,0.0017287454847020618,0.0012703633059472997,0.003966957306727843,0.011813026991690746,0.12460621087344365,0.005126368123791868,0.01485573803040704,0.000940964432353207,0.099870848965299
0.09853711899595952,0.05595607807238594,0.13668925839419097,0.04850790066619447,0.05330464136698218,0.04356732559517617,0.02071148340141122,0.07960347384117322,0.07448060491333958,0.051806872720179614,0.05829206048407393,0.047486056718739254,0.04573186471083278,0.03990694609584713,0.04978591797802858,0.0021666305962711407,0.04446858615374564,0.04335772750776913,0.011996540475156603,0.05018358952447276,0.09864139329836123,0.010951984056588497,0.05863218059996863,0.03444078761432208,0.09470951188965375,0.00036685420871951005,0.05558764625841323,0.0009438248851352915,0.11745571966024158,0.020277674152369158,0.05747066871563771,0.01971994237798213,0.03003777259179688,0.0786504361065083,0.026067174719146664,0.02137664382163679,0.07787791302562388,0.03258408241113913,0.02182215811559201,0.021833335738596606,0.0200159245476819,0.022472828626096567,0.01823447157935141,0.017123749216658664,0.009673024442939913,0.007905820126808336,0.03019055508568637,0.0019635659015670515,0.0017530770175661818,0.001741094177417721,0.009722060488806715,0.013541800087804961,0.021454903013115496,0.03635299320842022,0.009028766345152255,0.02687145739461414,0.011941573310785263,0.00556764642053778,0.0013724153308711932,0.022768641908855816,0.015059881500848018,0.01647078652767736,0.0164781082568377,0.06536825242852318,0.006638115466965548,0.005141031372662284,0.10216158595856462,0.0011842525614915186,0.11083219014067171,0.10348823999518723,0.10249263324959781,0.04995883248019666,0.07374428783665575,0.042080186187898064,0.04955405594828988,0.04699269614023001,0.04191961878033054,0.050475602617599286,0.04753581693153718,0.03326697623971948,0.06980329150500127,0.007449352595549085,0.0725568206901202,0.012368855577770805,0.01209208105243865,0.040140784674639836,0.06927859590303229,0.008190185875176437,0.008965965114838126,0.009460636506824991,0.007707476468669459,0.04774211187777308,0.02161605965304363,0.023972024406449025,0.011920116525567615,0.005752641749389873,0.005340835824593644,0.008238304911886823,0.02220215456391448,0.031347392300822924,0.025390164052197434,0.0019680792660486304,0.0012305355216309663,0.003644552126603749,0.011383816931706241,0.1191508598115803,0.005070853484349184,0.013874066706536726,0.0011249419496720406,0.09351200167306851
0.09811642195115972,0.07171706141842614,0.11662042994449945,0.04812568669190333,0.05430726033563346,0.043871582547850625,0.026325891459549725,0.07923018674226973,0.09512099483173013,0.051850085806435985,0.058396861810318605,0.047530270559936486,0.04585564139532606,0.048583704354169296,0.0496825395728911,0.002187819444491757,0.044429731457678416,0.04363378568513751,0.011868551264344685,0.0636847949636241,0.09164573614790043,0.010861748376724652,0.048679904048800265,0.03438025486235788,0.0955273986209617,0.0003663890212797283,0.04672991176394668,0.0009528393581344653,0.07243305866323335,0.02022547401615589,0.04831318861420334,0.020025720821450578,0.02996198487495308,0.07797676001524641,0.029994832677820337,0.021222134550271724,0.08057396515498653,0.03248197930984202,0.02202651726834005,0.022039924446598528,0.02016009245623738,0.022668264081404526,0.023220983876391058,0.013916623707008708,0.009740566172005326,0.011304158899086217,0.0300588718784005,0.0019738760401943395,0.0017706241735720213,0.0017384127757508513,0.009775275218265812,0.01643061015779439,0.021555970135977143,0.036141802073877766,0.011938214354778957,0.027020295839059478,0.011932114014479935,0.005543152059574095,0.0013682603269057978,0.02327756424127397,0.012289202936257963,0.01660196449013555,0.016571887672056907,0.064654083047283,0.004126887121689774,0.005127507031286232,0.1019796326466775,0.0011926500386641157,0.11073739519114967,0.10378298557099425,0.10205491183728659,0.04941909443633742,0.0740827941474921,0.041951313858094655,0.060064162637866673,0.04727487789475925,0.04754188968438368,0.05092277888840638,0.047654409242387424,0.033648288559140704,0.07000317366330386,0.009821725069273379,0.07349723202643602,0.01230270739337718,0.013175485775585551,0.04032311077272788,0.08013600531424558,0.008148670585937172,0.00898425680763854,0.009570917806078385,0.007851346761706443,0.03646517137410811,0.021246395749360113,0.02916064743156733,0.011935640763430618,0.0056662895652925,0.007609693866097591,0.008235290427683012,0.0223626970373824,0.03135044489970476,0.026294373701647927,0.0015516917124686227,0.001238396133157104,0.0036731902073141283,0.01134189046060371,0.11771366410569924,0.005076534052106109,0.01908431186201268,0.0009618045513395848,0.13402607444927156
0.09977414066027776,0.05787757417216495,0.11854960653944609,0.049961889908601,0.06799134614569019,0.04546536174760021,0.02111136481312331,0.07900095338958736,0.0804793710153878,0.055759141589187614,0.05791928032800194,0.0511921939206863,0.04856045501607759,0.05035049982471248,0.06242292627735304,0.0022588091726021328,0.04757982481672913,0.04657274931386937,0.012569784681277302,0.05615838305240955,0.11254403025512204,0.014286964369346004,0.06183006442919977,0.03453550049778331,0.09541372122328895,0.0003790569070570953,0.047792839903282675,0.0009614713462619287,0.07193483841379546,0.0210791541198915,0.05787738372559627,0.020279613782430036,0.029584194589474127,0.0791230786975206,0.02581065034464105,0.021793818854322463,0.08525960640589235,0.033997177860832666,0.02280462363620179,0.023194259186093504,0.02645614920515936,0.02347944387916809,0.01987284525784299,0.014690328026461152,0.013222988789079512,0.007904909064381953,0.03743715576099518,0.002055486120259651,0.0018690505146492008,0.0017392186614977247,0.009855630279698652,0.013886463771067052,0.022804972688524938,0.03688815337713781,0.010086526152392729,0.02761520465886043,0.012473954330969539,0.0055471910233500215,0.0014774418166470943,0.023721002566500546,0.015410976603668091,0.022666600362787927,0.01717627677392708,0.0853347516747712,0.004255268293086502,0.006387538333501858,0.10046855371367208,0.0012101361044338863,0.11227945560763179,0.11286524041163491,0.1528799627419664,0.051217923380523944,0.07537572312985727,0.04170308592438103,0.053041869605724046,0.04821911758450647,0.05008734905973552,0.05158703553184019,0.05083748990471007,0.03688602416290268,0.0714029332221772,0.007568016672788889,0.0782023380314143,0.01289515575246968,0.01410249077292444,0.0411998895488433,0.07925068544148041,0.0086014717898368,0.009516895334588486,0.011824036639160347,0.00814041109381804,0.03928419439456033,0.026594274452347796,0.025261967480851806,0.015175299390117587,0.005913728229944096,0.006342130612894422,0.008445673383395663,0.023938430957946018,0.033496421913636075,0.027034045082740522,0.0015637590802755309,0.0015716798886102135,0.0037281338553738622,0.011875721691502202,0.1168550662397128,0.005471333511212459,0.014461124892849314,0.0011152769669537206,0.09901811803398004
0.10164259960226575,0.053965902197368076,0.13177314869888923,0.04969482172496114,0.057461946275385055,0.04484659610377371,0.02220455659938828,0.08073022466487695,0.07610201975458764,0.05282799794841774,0.060315001873559655,0.05585264580121746,0.047977428906110633,0.04133794027348147,0.06775572935477424,0.0022224373453471787,0.0449602003081963,0.044540780106682505,0.014689497983652888,0.08049413581610906,0.09587794450662522,0.011915137264401954,0.07419443936402868,0.03733357477392169,0.09494793915879857,0.0003710994291964584,0.049715325775624285,0.0009710508537306746,0.07473185399466599,0.02086696595557915,0.05196723132646365,0.021656481536079537,0.0300900201844695,0.08455312185851722,0.02624367812121291,0.020557172426841342,0.10070038640454901,0.034485322463101466,0.022620028424725314,0.021900029730943682,0.019975617742621733,0.022611023571481696,0.019931687274210942,0.01347538831396008,0.013449032059044085,0.010492705964654321,0.03173028725644662,0.002465865189827887,0.0018648347428073626,0.001826605981395048,0.01006012571154917,0.014346655838753582,0.021999079312467154,0.03523682819633764,0.012298862472562011,0.026927744579135323,0.014349851029520019,0.005741365292620643,0.0018687630937253667,0.025055739291862014,0.0130422990173485,0.016683797788995477,0.021146074795461985,0.07362258605701778,0.004355794403412902,0.0063829627329764285,0.10368132933499323,0.0012281144687526706,0.12006390423471802,0.10603681293931048,0.1063728854685072,0.06563849073611759,0.07862868621447974,0.04424127602613974,0.0505268566699311,0.04797089826997256,0.04227764399909195,0.06809304613484363,0.05471321270150024,0.03475608062632347,0.07908787620323167,0.0077709213360160935,0.07790594379701127,0.014106020174705811,0.012945132801945139,0.0392007564910461,0.07009046995675636,0.012194769645275536,0.009284240569565342,0.009862452003549902,0.007779585792298166,0.038404098122525085,0.029069092634839425,0.024967599901755178,0.01260523504596995,0.0058809970657260745,0.005814111536896454,0.008310512324210727,0.02371638608381007,0.030859230862969177,0.026266700381415632,0.0016234200340653412,0.001269601937815187,0.005222497415338109,0.011656631504136192,0.12419395991251875,0.006309346359171687,0.018886649572256452,0.0009369074252493176,0.09472718222327534
0.11039576176529785,0.055635743299816735,0.1323900411735577,0.05141369006753508,0.05666697872346392,0.04588861209331822,0.027201065709018236,0.09623479200272317,0.07651926116148457,0.0560132345363751,0.0648844316288147,0.055362772091669565,0.058865639759307996,0.04462418652466181,0.055458908132820756,0.0024087078722631996,0.052683695892760556,0.06331952448356874,0.015913747617584698,0.0631929531911714,0.12283520026228348,0.012518786153608017,0.06091281186300435,0.03685792302034091,0.12136464714915773,0.00038185727383035074,0.043011649315395056,0.0010283453489452884,0.08606015170902315,0.022016754796595345,0.05275948659635346,0.020901028911039836,0.03109650403013,0.08396855636133758,0.027093043585819272,0.01988553397687049,0.08535087196192646,0.03575243342245728,0.02347086609646644,0.023762581468441308,0.021977410895174458,0.023542204009690624,0.019254028033575277,0.013508178204639766,0.014233673457745106,0.008234789584601505,0.032498476560749244,0.0019870481310957544,0.0022263252468152426,0.0017586478342314356,0.010624497025673913,0.013916967107495128,0.021550072859190444,0.03332052079607538,0.009951391074947783,0.028216787848367442,0.01173898671491281,0.005702886562454289,0.001776289225350947,0.026235293659345044,0.013882537408131787,0.0167052756315534,0.023173869753254,0.06809811978846435,0.004676551628899543,0.00593281272376211,0.10095896121142499,0.0012310777273265405,0.12344836550181147,0.10637711855680378,0.10644035380649504,0.05335364179910606,0.07879601291121836,0.043472007349774806,0.052233745021002705,0.06101247522818624,0.044805529470539236,0.053809436520123724,0.06761849888721358,0.03752067634953971,0.07802242247637318,0.007806253898340306,0.07625260064996056,0.014815376633518222,0.012754760155564258,0.04129928147488067,0.06900995624059382,0.010089747483865904,0.009772200663887893,0.01078255901555931,0.009014571174561399,0.0372674956426698,0.021844872701859776,0.0248346160796518,0.011735788505883901,0.005994941732969698,0.006034102526318255,0.007759072027764301,0.03172018126040104,0.031451943812525834,0.03164411990283332,0.001638585209243917,0.001312032778042663,0.004405048670355065,0.012330575151254068,0.12941063936542557,0.006195562865616292,0.021747001951254345,0.0009466785268657274,0.09387289236886438
0.12977524555899034,0.061120387141837366,0.14149515208180774,0.08220271129096085,0.056643695154997606,0.05832726606829927,0.026926809142629397,0.10541289459891783,0.09474527664670734,0.05503359387094309,0.07809813217949538,0.06183755655301032,0.058332262235878715,0.046193707080583596,0.07367033647971331,0.002702003342407267,0.06270329951649785,0.05535192733430427,0.018729049448207226,0.0806450466451676,0.12612151694996004,0.012898236297307525,0.07286597488610841,0.044545843436828915,0.1163185517563588,0.0004458775399634881,0.04432442117657047,0.0010925941145546363,0.10091741090514715,0.025848614353135853,0.08371577256552758,0.029315816461104233,0.04505723303706535,0.09050000646519094,0.030732854675061073,0.02146152854479414,0.10567942951707557,0.04706809566564962,0.030081311533568668,0.027573085787295615,0.029050837062850308,0.030006906314296797,0.02037579111812547,0.01913832810988148,0.014059168053332457,0.010028367814674394,0.04510384598891886,0.0031991293594410613,0.0023909153429497987,0.0020306416000352595,0.011588429783025425,0.02455878858087045,0.02513256682992222,0.03857309798601274,0.015241132366193354,0.032584940341999394,0.013906052377861685,0.008504277093662558,0.0019238168962668572,0.02958213704940981,0.014916975884841286,0.021266734396576108,0.02527399615275294,0.07147477204865203,0.00571351661900238,0.008622051071514173,0.12276303308589834,0.0015576704781981037,0.15765807951298408,0.17839080812093777,0.15686224025246714,0.0686034755532119,0.0877903732776847,0.05227458227071551,0.0602162749278281,0.07464273447965261,0.04925792971271076,0.07116331564490692,0.06114398910581144,0.04044613311954852,0.11162424974915178,0.009285979184288763,0.13655236100462334,0.014830123724707756,0.01723152104885827,0.04819927550907272,0.0964462705337232,0.009565589596528661,0.0101104802252096,0.014057424144081856,0.011277201507088802,0.053848769590516335,0.026312201594115396,0.028600763000881237,0.017177658415171583,0.00654779679001744,0.006767622898447706,0.009204131629931882,0.02840753471407484,0.038371167944689394,0.03446529691349131,0.002248191457160432,0.0015944900662979715,0.005718512860764154,0.013661009333100632,0.16331543957282066,0.006386206162307064,0.016465375452986996,0.0010809434219256338,0.10454216201044945
0.21564444795455337,0.11600014037839082,0.1762568051531027,0.11078207165728765,0.10662116210563082,0.08864678261579818,0.048456497386909055,0.16214814938780095,0.14294034265492372,0.0904756708258337,0.10806027976691565,0.09589590882744865,0.07614714047478653,0.07860287122681031,0.14942627217935125,0.004332251356130429,0.09494533530988745,0.08843931010946018,0.0290960603221626,0.1290699936349499,0.13632598022060874,0.022687704788551286,0.10189434615980728,0.06580118872136238,0.22224521776961884,0.0006473191049465779,0.07085750666965884,0.0016974330892986235,0.13895137906829413,0.04800595535729083,0.12590865937466683,0.04279583776335214,0.07431961690463833,0.1493158500984934,0.05815878550622809,0.03486587546836741,0.17791307493285774,0.05920086952568324,0.043096262139723375,0.05859209562430436,0.033854538535623244,0.0631064356075672,0.03497112102641717,0.022413546911674617,0.023609044122795665,0.014153127028255077,0.05199027408878194,0.0035958386072776002,0.0034342950109452577,0.0029568094577465073,0.021491863124780554,0.03054428775768788,0.04305134066911168,0.07979326748616766,0.02479371399410867,0.044958554340080684,0.02792857234148273,0.012769726849067187,0.0029576619793192415,0.04855649661230985,0.029622653527116533,0.032069409524648276,0.03357717232612058,0.11851444564689187,0.00803338004238166,0.013642416164833228,0.1717474639789383,0.002056984281535121,0.2309129885248095,0.2287327945907175,0.21245121404677492,0.11180217839467482,0.1520636398288753,0.08801464636253171,0.11250700596896383,0.08910570244507902,0.08154567080794116,0.11586141943728642,0.10111984171643677,0.07013737017945201,0.14330323403708975,0.013644368926219598,0.1404231721275783,0.02101652847871639,0.01995960871644587,0.08288447608764808,0.12932816222061733,0.017103131777073746,0.021080436501066772,0.01983021423530502,0.01664067209733875,0.06957511711472451,0.039255077579259265,0.05440683717081365,0.019521283013938164,0.012556925751163548,0.009431162276570194,0.014931581512893557,0.04923585289341178,0.05200687276661452,0.04536000421052401,0.0035682516638838612,0.0030299262142941606,0.006859111894306062,0.020172482805587044,0.23198363785359727,0.010674475368931265,0.022911395283831525,0.0016890373599480488,0.15914656115361142
0.26531098529007185,0.18933117651492956,0.2530837058768902,0.1909200394170262,0.1669978310131045,0.15729754933103965,0.06633923063752407,0.19159837200112623,0.20856980401521327,0.11917780271731761,0.20129852634924683,0.11672062803133665,0.13991971553690344,0.12646757360789254,0.14438597389166014,0.006588420780919124,0.13278408332416122,0.16622963831406964,0.042665681511663694,0.15066129481441895,0.19764734901160563,0.03441911031797011,0.16304422987967604,0.08419166496896939,0.2584005355489183,0.0009018906208334785,0.09009189838087175,0.002093704802066548,0.2106519001201212,0.06923970811068712,0.1386702417401839,0.06011382820531062,0.0894306541744264,0.3177256054121809,0.05945718294189419,0.061028873162957485,0.19049893313053684,0.10210654297468941,0.06418794498591812,0.07804539117868592,0.04340390637180862,0.07265272164994756,0.03777071819380048,0.034048816830906256,0.0360624912036078,0.025383034339591073,0.07236003418899055,0.004371960956598347,0.004706264964206273,0.0063004440739922295,0.03538664716084983,0.038194380423597955,0.06468397540331587,0.0787058318035308,0.0267481079962032,0.07060459745666058,0.035254895864296254,0.012108596251637828,0.006297872170115124,0.06936419781706545,0.031696679357250936,0.051428150262091625,0.059022604349913035,0.19933762061387308,0.009342404826849358,0.01721041276570836,0.3247624012769263,0.0034528968172631105,0.3219771467166399,0.3521986479669454,0.28955435981310185,0.1252956294911559,0.17036885020202078,0.15612109521703385,0.13082419741676748,0.15122887524792794,0.12238363303226395,0.1453392606152825,0.11642534171510588,0.09438994083545,0.20857703218874304,0.013624248153163614,0.17864644093665338,0.029741570176917205,0.0320152310248551,0.08619248463897644,0.28456351001541014,0.029476220169099312,0.0203851186636791,0.027256917903264576,0.023893685650037143,0.08520333051091336,0.06100734873094933,0.07634375830646367,0.026009968341884602,0.02127760266133367,0.01457736407500009,0.02269787428189025,0.09111198919929742,0.08824707230854163,0.07464588528146901,0.004693375301273768,0.0035261530387779533,0.010991126917345426,0.02996670146198039,0.35904269028402264,0.014900903849292572,0.029086355729923356,0.0018075476801377205,0.22051356866982955
0.23596952082287034,0.12643997875032972,0.237085733423276,0.19759192802438336,0.1565758206626644,0.13462656195486364,0.058985977518319715,0.2084194653153067,0.2276591006777878,0.15580089331959493,0.21377723865139592,0.13833297964522462,0.1311008853531453,0.09368021575901601,0.12998391956663577,0.007312721518212988,0.13120617366703088,0.12237749513617764,0.041440855868682326,0.13812039236919207,0.19313465749764638,0.03119699652508481,0.15129236241503685,0.09149107992134232,0.2649620835223808,0.0013784489668419075,0.12163734941591858,0.0029075630663622566,0.20903712213827316,0.05974975414365511,0.12082711889169737,0.08601973075723846,0.08072454020199465,0.26008174431224834,0.06160837531241403,0.056521971243769405,0.21630680425351045,0.10721198484600962,0.058097093564845485,0.08141465780426842,0.07717766404915775,0.06077061394193047,0.07048520606168932,0.0332037059550956,0.031859261807270584,0.02249268879189064,0.09094346351464212,0.006214560490305577,0.0051243104451867355,0.006025695644180912,0.028125583420864846,0.03398756201778919,0.06035679772248478,0.07064267042654211,0.02432101604743896,0.0720013205571506,0.035412353734045374,0.01828182666025647,0.004038626309147872,0.07510320778495505,0.029469450157679006,0.051240830850415586,0.06802794280095509,0.19502554441674147,0.010550870883823128,0.018594916599031733,0.25675865062562825,0.002875430619270188,0.40260447482248046,0.331306114565103,0.3080933426367799,0.14775775753663256,0.20473797387883924,0.13007341991717017,0.13480514206732144,0.1487345227104918,0.1545879842305355,0.18215971756632315,0.16086869669360798,0.13319587741108332,0.19730648382410282,0.013663762442418136,0.23420816259362648,0.027419651355423368,0.03772392459282495,0.13227290499752514,0.21343619682948864,0.019084775460269668,0.02253194070252265,0.026440515081121743,0.022841795246031155,0.10282335561788118,0.059499186810650175,0.070166772467916,0.029910210055569725,0.017037017817312497,0.014758729449442927,0.025852146427620033,0.07011867492437521,0.1055410625071081,0.061368483660249676,0.004492355764737695,0.003555023295246987,0.011170147317804203,0.03587618881217141,0.4198006295250974,0.015093182460943665,0.040301170983332954,0.0028311624081184547,0.2563477543238762
0.24127093032409996,0.14194520681395068,0.21337898379906117,0.12869796861257754,0.11717669659360223,0.09770053222558629,0.05140320342444772,0.24554023675459047,0.2046465292774887,0.21671276331399267,0.14863494060142662,0.10022964781063756,0.09951197216853655,0.07836353770094984,0.09860937499039739,0.00466510761061951,0.13411168693925843,0.09638616518255627,0.04054331856766014,0.1402212411500575,0.22651806479348852,0.03889809877182823,0.19268855694148262,0.11115170029206027,0.3954873573281556,0.001056687132666006,0.11211310019133029,0.0021308840701643942,0.22484111815043112,0.06875050506422824,0.16116861340599575,0.046191569640648224,0.07261869939592801,0.25134534166842354,0.09878177511209454,0.0801552134360836,0.20872635477343443,0.074195111480215,0.07128240934476114,0.07985100902027753,0.06327984421477947,0.07480537368383124,0.052974547058086824,0.03258880981698381,0.03419329419561676,0.023163610347052936,0.07422595617202599,0.005551511919964452,0.004424174147981842,0.004833717362214577,0.02096586545223803,0.04790452912528432,0.05451117294626547,0.09716717665288357,0.026408268010624045,0.0644561680834298,0.036609348854015504,0.014536968934766165,0.0031624210753368196,0.07263924041467897,0.02694494618925554,0.04471102296995812,0.039206599746329805,0.1767786759019938,0.009558689264738511,0.010482984248043057,0.260086663344478,0.0029878545667612684,0.3458983237311741,0.3371443084783281,0.25047209085674144,0.1383159161932273,0.24438944725500153,0.09591154620263868,0.14027086420307414,0.1450799964512393,0.11206327181772657,0.132960566133377,0.11880270385354562,0.1112878402306044,0.23084577486606744,0.02106517669011396,0.2917867067468359,0.036177606851351546,0.030946223362560723,0.10704058652743295,0.24408493861310743,0.022420007273460097,0.02984947402958554,0.025965280688916074,0.032501239753449845,0.07633675650035777,0.05484925285753885,0.06550647839027283,0.022166559613939322,0.01436384241063965,0.01348217119001178,0.017469496795369216,0.048359549722514224,0.06361972206284243,0.07341410074833857,0.004750487604453251,0.003262976884030474,0.00990641101641144,0.0343077487792521,0.3059398071068391,0.013413972204312999,0.03206148741095126,0.0033497001591453537,0.2670887344276929
0.24014750469608712,0.13202917986211693,0.23311557838386052,0.12488414738686139,0.13211524405163969,0.11385214619704345,0.048504884863668746,0.18984028997659247,0.1990328575718542,0.13531054420940986,0.14115083887372695,0.10638202337687651,0.09886550619799364,0.09414386187815156,0.1081362159227564,0.005295706158750463,0.10423978760596997,0.11570797482639666,0.031107483923221168,0.12047317758973713,0.17627019724591586,0.029189947875190775,0.12259330550250966,0.0799971627251051,0.23232338342173753,0.0009903193643533079,0.11071333981650966,0.0024911674336395707,0.1893177776813044,0.05290660885323049,0.11235122602699117,0.04369207299754528,0.08201034771617416,0.2125900749749195,0.06536433112736784,0.054363037992769675,0.20230802004019247,0.09405674594068324,0.05492280695721853,0.05977306729366967,0.04554066878445911,0.05984740628903222,0.038786091566292015,0.030351213966943045,0.025967127515066083,0.021704847558675845,0.060054696788287225,0.004056275177491429,0.00478642826349315,0.004364384155703655,0.02593213622863021,0.03204747776583828,0.06460487055262537,0.07795153408999853,0.02312183946246557,0.05266166689684511,0.029211095265546865,0.012404830358257131,0.004045960141448241,0.07989701611849416,0.027480817962126466,0.03965870034748824,0.040922585544370886,0.13744789304672483,0.009171653954831606,0.012075212246812997,0.2413238111115465,0.0025609181174090353,0.34317742711073485,0.26892418973215215,0.23269665215077917,0.1235696294386491,0.15697225654438518,0.0910996516729024,0.11242668709019364,0.11538424521382529,0.09339840752568547,0.13599969135015125,0.13897245856901574,0.08968882558738488,0.1369794768650607,0.016082133912375833,0.15665716004028304,0.031370910027401215,0.028226939653048413,0.11274981365552789,0.19320551289092766,0.022211628246979705,0.02492698490451737,0.024620338297327887,0.01938068705354142,0.08591063153159464,0.050878520655171317,0.059832577112631534,0.024634913434156924,0.013202723909335504,0.012703675786742445,0.01775615321186673,0.05503998289852418,0.06052743939554168,0.06419824154539831,0.004252233450605611,0.002901254999967097,0.008599847178028723,0.029109646389907737,0.2624922753828967,0.011050985121244482,0.03374831628561959,0.0022484145607551474,0.18976225175721886
0.20065760537164776,0.12339705467874047,0.2004551657468477,0.13023514302693748,0.15623607063300296,0.0842703886864146,0.04685916287108378,0.1495860363966807,0.16049328010815378,0.12156014016263153,0.12164170426933199,0.10543318651932566,0.09110929367888257,0.0817389081521368,0.09174593041055311,0.004600956423824483,0.08678421314856592,0.09506357498032829,0.028533299480743863,0.09437410618115097,0.14553331602136071,0.023197378155688734,0.11302034392232439,0.061421957217193554,0.18679410932395452,0.00082624374941732,0.11081542222749968,0.001766149973636588,0.16550853017906866,0.041125392270111555,0.09259758139302147,0.040577041580514624,0.06642420184268726,0.1753568172283405,0.05233188692454364,0.04638540003347378,0.15533735657580258,0.07499386748333993,0.0497859609813246,0.04527017398831835,0.04481949474537419,0.052894728637333896,0.03869573700087393,0.02643173665106363,0.02459296526829746,0.01687894988612449,0.05489960104363937,0.0037761593766486557,0.004879286604024506,0.0035760960230483765,0.020741199260068656,0.02616441695899387,0.052538838892673634,0.07041283579097637,0.01890108651772522,0.05034988770965301,0.024809073781791077,0.012849203233045097,0.003647655454090779,0.07949021514777352,0.03115575585628188,0.031115004887944726,0.031496866812488145,0.11762465214589647,0.008143169428286483,0.010203386711511185,0.20033926083114362,0.0021883617231632244,0.22478322797700384,0.2743569922540465,0.16188863143255988,0.11098989051078732,0.12783869714183557,0.09659437128547392,0.1514809566517655,0.09352627040644883,0.0829074760673686,0.11100198000379637,0.10621970507738543,0.08665004969939265,0.10536536661095779,0.014309384717615092,0.14465319354695994,0.02809748323524366,0.0238061097875268,0.10142720161373121,0.14387506610906417,0.01793818008171945,0.019155449885547394,0.02324235740277337,0.018346911068997707,0.06189746493181552,0.043886082958989214,0.047212863187638114,0.023036095373783195,0.011387540675961334,0.011293657683774926,0.014291809818847017,0.06278843707372099,0.06491809412058369,0.06672488003916531,0.003847772455406526,0.002494056803147793,0.006918623381031138,0.026728807851811046,0.23184518765619394,0.009579675037596458,0.030952586550843132,0.0020745999686764393,0.1651242517498502
0.1446625936825113,0.0768829080947859,0.1574019386297833,0.08255165119647065,0.09750113088983743,0.06062109255266204,0.03101016439839079,0.10720980850286779,0.11334701031695288,0.08425557919009116,0.08534505195832559,0.07039782573630816,0.064645907490589,0.05768605570241073,0.062330767234013436,0.0027866878695766203,0.06661821689287198,0.06327653181660152,0.019257480150272267,0.07564926055194005,0.11786598464320029,0.01491343588534016,0.07351555177391694,0.04146128225699789,0.14322318675880688,0.0005746266358797616,0.07683469001821189,0.0013696870184328085,0.12734556912473702,0.02959624537130273,0.07061020039296302,0.03076480503541343,0.043616692267663085,0.12800629907203798,0.03917758221226178,0.032542895336659085,0.12991009662354888,0.054290456050099106,0.03703742830351068,0.030449060871920768,0.027725228196016576,0.034346759118410404,0.030629918804616584,0.018130981538024983,0.015237938497543707,0.012828366338425165,0.041148431212515456,0.0028531886562933773,0.00329541316875942,0.0026087547299059625,0.013440941928895007,0.017501349321545203,0.03698710994304072,0.0465674923510303,0.012811527737313925,0.04346638775279386,0.014421189889156038,0.00848186735916387,0.0022878553159819907,0.04197019518159417,0.01612171588762815,0.023044773514662206,0.026473159747677433,0.09306433528985827,0.00589558564815292,0.008155096865679912,0.14575759948671885,0.0016832539445955084,0.17127664107303003,0.1676823387311283,0.11931281902380572,0.06830679835029589,0.09712874412264326,0.07658823080679375,0.07813411552588048,0.06749175405840988,0.05949627937569353,0.07792395148962465,0.07407567291553464,0.06644342743691196,0.09290312315632059,0.010070871147686471,0.1118772360582304,0.016992068665689062,0.016786144346226183,0.06387286592347306,0.12129742433141652,0.011659886366869448,0.013891879067494468,0.013738587294853428,0.012149619816730023,0.062247297543803815,0.03863637303363636,0.03579654015452596,0.015568223203615684,0.007800462011719772,0.007427514463941813,0.010980083451680838,0.03773893343612049,0.04462543428709283,0.03723327250230739,0.002689572683852762,0.0016665319536095101,0.005387619923687436,0.01721452151759297,0.17015012655657558,0.006446626746630729,0.0213300969657817,0.0018222492290192196,0.14661359895555132
0.08715322931628353,0.04597957191549112,0.0790391500866733,0.04092316425082236,0.04427251750152075,0.035756233142279874,0.018155346468736545,0.06821759100398048,0.0651626599788976,0.04638146974069181,0.05126945231580248,0.04040127775804933,0.03700440171757803,0.030945457715406424,0.03775876213071666,0.0016466357098804112,0.03929886659280029,0.036144387673718796,0.010928389293655165,0.04338920140942377,0.06660653850297883,0.009354112501252414,0.04170438794036953,0.02657492178042207,0.08512591673390354,0.00033303107692240135,0.03826461860044574,0.0008284796178006363,0.06374852350765124,0.015192241413196694,0.03871623256880589,0.016019815670083957,0.026124370485680566,0.06904074964067734,0.021156401956217978,0.018393661123356723,0.07524540876490719,0.030288483470739893,0.02002423237811723,0.018675334533894028,0.0162441441837109,0.019605692370140412,0.015658529848589422,0.01126578383401173,0.009145891537382532,0.00701897677659324,0.020545039615509332,0.0017151093367504854,0.0017380115989464808,0.0015294099704162751,0.009000586830084702,0.012460973206495257,0.02087961349485471,0.029475680748978206,0.007564502008026548,0.022998320654182308,0.009725437548252494,0.0040661073496895414,0.001170847578260772,0.024977832273659815,0.008643409627284068,0.014040663797247308,0.01686949679417213,0.057312888724222535,0.0034862207170722626,0.004201494567427076,0.09505414301851674,0.0009392109587200122,0.09334299123578567,0.10005078133979729,0.0797352337324616,0.04525399671708586,0.05647276014928369,0.0398017233969739,0.045104659289713106,0.04274068251068896,0.032004491114651125,0.04196065986433062,0.038940435358417895,0.029666814836200175,0.05773847456394813,0.006017747471668251,0.05685219531951799,0.011015435940702532,0.010685622855917447,0.03166859108312932,0.0710677625218342,0.007036513197757662,0.007442306023058908,0.007503028728053091,0.007550090031879847,0.027181173810363567,0.01956973241111687,0.022280425110032313,0.00841966854673375,0.005604737102889327,0.004403035197902116,0.007280049456493208,0.0205727651006991,0.024525342566397833,0.02158948021843363,0.0014540966993184749,0.0010831902105500543,0.0030432496197424852,0.009924093213390018,0.10196133791456882,0.0042225984005858025,0.011771992877623462,0.0007193391951890251,0.07515646172642276
0.07351073706648119,0.04500114138615578,0.07275604472771022,0.03818549646016651,0.04094106651137186,0.03295274880217363,0.01711273329025434,0.05609014453406665,0.06034998461780364,0.041546357519466066,0.04493310897245766,0.03732195979148227,0.03230192205238617,0.029342557309294887,0.03566755322989307,0.0016182894246354392,0.03647269869991006,0.034661517792007816,0.01048635994902391,0.04068683481695888,0.060457585771949394,0.008860357436832712,0.03980307164831688,0.02507908442261702,0.06821308208793968,0.00029811429253507736,0.03545794810995692,0.0007633181042019795,0.054072873247783475,0.014470986433777935,0.037758574534551774,0.015571352149770783,0.025698351653119185,0.0649495040451726,0.02018106061785707,0.016655527196593193,0.06266698701994199,0.02696382293636858,0.018358132128923822,0.01826093710583506,0.014827886817530224,0.019246712600767216,0.013265388789529764,0.010444322809666921,0.00799388461633509,0.006798271903801929,0.019742643977225825,0.0016216248211627113,0.001552438095040662,0.0013882480925003111,0.007406850780013131,0.011313615426047157,0.01868236950588061,0.027495802066538177,0.007322420983178921,0.020781539995806595,0.008895384297459908,0.0039463281873884076,0.0011734882584917912,0.020194762475062068,0.008549078319913207,0.012416639841301239,0.013910711868888469,0.04725880580808548,0.002909125171970053,0.003973605366036576,0.07639006544060971,0.0008265408619544248,0.08852346583186867,0.08742321141855026,0.07482320961310429,0.04313168238899694,0.054286504756369904,0.034873248975046255,0.04088455283812834,0.03807776528614245,0.030189899389918118,0.04037369542718359,0.03697676732759527,0.029473065194820472,0.05358069189095235,0.005443093344810318,0.0556733268933841,0.009953004197178428,0.009740492062541205,0.029259304979898662,0.0616223655235363,0.006657038647083804,0.007119516022874572,0.0072287020842098735,0.006601591160497038,0.026341801787419922,0.01692344362269976,0.02028454079693837,0.008332500843330561,0.005045291128814747,0.0037590578741959696,0.006425338028286388,0.019001272725009143,0.024463273055800486,0.01942023514720151,0.0013812278213712788,0.0009718761318834539,0.002895135021317309,0.008681022096910587,0.098146725012978,0.0038840882037980817,0.010723564583667513,0.0007155189148577973,0.0712482415348018
0.07410300329714906,0.04487300747712811,0.07331822565899553,0.038675413341302596,0.04125325639876708,0.0329589730719636,0.016947302898011805,0.056175950461163596,0.05914648091283762,0.04196595658701546,0.044719829080451,0.03748903333299741,0.03256740407762245,0.0295107917542512,0.035780548230857294,0.0016244724581044988,0.03673568364276511,0.035112940795163465,0.010327842258585386,0.04050701712486943,0.06056991040788638,0.008736175496956324,0.04020092132810935,0.02504568704222298,0.06879032705534295,0.000300612749579203,0.035323691865152905,0.0007564594550251733,0.05302258709249572,0.01435519144135204,0.037929970152697376,0.015486778813313732,0.0257523216939019,0.06408833926396164,0.02023021635806983,0.016571977738743936,0.062138322836100074,0.026900438707754354,0.018115035651283504,0.01826622382474062,0.014684722397897412,0.019200715762436375,0.013289232355403984,0.0104928792679905,0.00787272542363408,0.006786124404783488,0.01993178488276716,0.0016092526548099654,0.0015518812949860796,0.001360305835785993,0.007413984341589313,0.011284313008376094,0.018535547649329073,0.02774122389148405,0.007419630295135251,0.02061067613133123,0.008896862312507617,0.003995186620161712,0.001166604968790082,0.02023982220991415,0.008505555739375469,0.012430505283965212,0.01397668287707107,0.047985178678009575,0.002920149774595076,0.0039670861475888395,0.07647670987484166,0.0008280934958397753,0.08886885733111724,0.08802757931847005,0.07548966514688646,0.043429253197945834,0.05448795729257495,0.035000931714113,0.040583020511125154,0.038550304420398716,0.030198858635045928,0.04032907076814256,0.036633598215467154,0.02924610132920425,0.05350471329276716,0.0055240006702010945,0.05600326368517842,0.01003625045831354,0.009718430379364313,0.029230261884628,0.061908208711155537,0.006660759701128096,0.0070302369946104205,0.007246750896015562,0.006635311849034519,0.026959452898642603,0.017019942232095055,0.020298515368074657,0.008360515847290235,0.004949946252841775,0.0037188449051767766,0.006333080790792936,0.018682520627753805,0.02473012107472106,0.01939470704559187,0.0013784257137941789,0.0009678326497764224,0.002884573919154884,0.008558167786238058,0.09820458479696745,0.003873458656555955,0.010851979856496545,0.0007222941983512143,0.07066208645221327
0.0736705549382487,0.04514567643553899,0.07477402846553972,0.03870781177669497,0.04088737175143936,0.032565745674644264,0.017078040382388908,0.05617720310243507,0.05833409916875093,0.04134412027578624,0.04505261925677175,0.037347392531993956,0.03279530488110452,0.02913326564860519,0.03561466195284599,0.0016252165480921794,0.03647760666151855,0.035324887100738625,0.010320354140941125,0.03971632940078814,0.06075514752679999,0.00880684892528752,0.03991815925883106,0.025391663029742512,0.06904647028256665,0.00029790788486312123,0.035753867939480585,0.0007604320819881651,0.053336193662806994,0.014234622985142626,0.03831151517677442,0.015322993640256825,0.02520487026957943,0.06392508865560294,0.020332871834142032,0.016531538275127402,0.06192739799548794,0.026947761774366787,0.018142507529650992,0.018496399432475042,0.014790088734776705,0.01926919994395119,0.013182145463056618,0.010596390212087359,0.00787335834478998,0.006823326120527465,0.020108852964550537,0.0016166830650620459,0.001581996223652493,0.0013498293210766393,0.0074818761690039984,0.011265698767642428,0.018642308694605463,0.027362241247732018,0.007391833771360983,0.020717243567638127,0.008952435678301422,0.003969780235119594,0.0011693582846707656,0.020376896450048285,0.008590657928105512,0.0124290099911289,0.013853615884228196,0.04755115895003448,0.0029113105221945405,0.004030091761903625,0.07620118057398405,0.000828926616461183,0.08780452591767188,0.08784069016787946,0.0749746019812721,0.04348510357500081,0.054318979345539566,0.03517857726411893,0.040983268778516296,0.03898049532700647,0.03051622266438112,0.04051872556906698,0.0369964670470056,0.02930959911083289,0.0539144132722119,0.00550230417395398,0.05702478702391318,0.00989326779156286,0.009696265120210063,0.029333203522309566,0.06252025720316433,0.006679583856881577,0.0069448498158782715,0.0073327121861409515,0.00653909641335216,0.0263121070224573,0.017027921924795048,0.020211512392935834,0.008231236418189703,0.0048539311141203075,0.003721490495243828,0.006342965494810091,0.018825672767239735,0.02482551478977846,0.01924003678289821,0.0013815094402232484,0.0009745614978629328,0.002896981594394788,0.008679462042171888,0.0982696770539556,0.0038486707245257335,0.010844272568653623,0.0007148413865084556,0.07089904276219587
0.07497573422435015,0.04511031147664736,0.07380032157750253,0.03825598494797965,0.040584210186510664,0.03247018482669236,0.01700427230461189,0.05578575270509498,0.05850086178563269,0.04048504412100951,0.04569291858773144,0.03717366735065268,0.032600503135314256,0.029365589405925815,0.03601575413711969,0.0016224705017090727,0.03621134974425785,0.03549459499666182,0.010441085637728604,0.039871491239115917,0.060825432532912595,0.0089099343193934,0.040339285084570214,0.02547907023624255,0.06860504766043476,0.00029340388461834724,0.036457322997314676,0.0007605190103680993,0.053300691032205715,0.014255564632709012,0.03833628563907052,0.015440600733898534,0.025847343414641667,0.06410117118950949,0.020302692495964905,0.016684903033371244,0.06186723033262104,0.02713160471799446,0.018158516322080962,0.018422588703139717,0.01489746204950131,0.01924528158801915,0.013051633313008269,0.010383541548894813,0.008006995125993035,0.006939638423629042,0.019729229728605868,0.0016475957048428288,0.0015913822817154534,0.001348305464391642,0.007451128058761838,0.01123123239931622,0.019019734408954003,0.027070669116974408,0.007332079097371677,0.02033391226751957,0.009052546564199482,0.00391983605939577,0.0011608980958737554,0.020564083853242224,0.008635832035136872,0.012267790236232106,0.013757469796069701,0.04737606541674379,0.0029298370733513847,0.003978828839202777,0.07697578181601777,0.0008178877682275324,0.08767594266931032,0.08732930194487042,0.0747351716598763,0.04327421255124123,0.05397772095087529,0.03462343492035042,0.04144902853361942,0.03844883638979534,0.030963151161718515,0.040706985849396374,0.03680971370699559,0.029417382524776894,0.05365783939064806,0.005483637914612888,0.05701746864775508,0.009877452070576987,0.009636398205298121,0.029564257480240604,0.0628954263869146,0.006599106942943246,0.006937688812739386,0.00721057679438806,0.006551219140223072,0.026197852879172524,0.016797995430485876,0.02022841711608457,0.008177169244942691,0.004846669934344979,0.003721490495243828,0.006478757492549315,0.019160330657771278,0.02490589989366683,0.019387627824137107,0.0013842833859151512,0.0009787593113480954,0.002906408835895603,0.008858380820016408,0.0981405257504077,0.0038250877614136466,0.010973043562460018,0.0007094048337294006,0.07017570244751214
0.07444692508982526,0.04502420548978076,0.07306211220228867,0.03824679079739533,0.041066987851036595,0.032788354853014984,0.01694328582446949,0.0563306516581924,0.05817805222203023,0.04085840518626458,0.04559271381088348,0.0374440369459383,0.0326670460325488,0.029457050195445707,0.0360826696164141,0.0016278917287621737,0.03624938644672365,0.03531131046906478,0.010396156931863037,0.03985151149555043,0.060671725136367254,0.008854987407000216,0.04057894317987316,0.025229633551424543,0.06874603716014578,0.0002936873100783468,0.03592109243374832,0.0007659346484379982,0.05381252062337411,0.01448761656566889,0.03828234995503869,0.015462565588152205,0.025205444418949462,0.06442482086721625,0.020227244150522083,0.016852764957817238,0.061795569970105366,0.026934855483472485,0.01813479959255508,0.018280863969402178,0.014663649130521556,0.018970936001174714,0.01317266381113003,0.01030596546606726,0.007964137322007753,0.0067865799359966795,0.019772155324189716,0.0016475423765395846,0.0015844143267466795,0.001351499702442886,0.007364213400477338,0.011336432882430362,0.01889426476145775,0.02738883115902752,0.007251516291178466,0.020426018569463324,0.009069790073089406,0.0039233104368374275,0.0011600220408208104,0.020400689674526254,0.008636414926840502,0.01233412686387935,0.013823440804252298,0.04718611546244662,0.0028737355452003754,0.00392335474433693,0.0781914032282922,0.0008173386659997864,0.08830665758098163,0.08791321431586985,0.07476314633660294,0.04311872510152019,0.05381259592119901,0.034346656808957265,0.04070462060133031,0.03828573281994113,0.03092524666310085,0.04067351735511559,0.03657489305162434,0.029487392899393096,0.05358770530001559,0.005401760913412185,0.05569223269845918,0.00987627657780101,0.009662810079523979,0.029857592742474286,0.06188968183788393,0.006561969364344324,0.006883436430263262,0.007153600672374345,0.0065935093425830964,0.026428340816739584,0.016801335766964947,0.02063931458675315,0.008218031894030368,0.004921571796488951,0.003724990814409467,0.006428492721057821,0.019097555793641155,0.024861128443399893,0.01959078002770285,0.0013984488141692347,0.0009814858323617425,0.002893126468145314,0.008826692208136588,0.09821595011167968,0.0038367071045528134,0.01099497968939757,0.000714220999104239,0.07199886300359538
0.07438816851932248,0.04457214905873112,0.07335945754676257,0.03848408744580977,0.04117057597196835,0.03274478496448519,0.016891794245427114,0.056222924508844405,0.05848076990408067,0.041257261972410926,0.045230965373363546,0.03864250593343447,0.03238984142438,0.03052387020750995,0.03603458663728039,0.001745954006807481,0.03663956939459881,0.03567712526694364,0.010431639089315846,0.040681733605835775,0.06098373801396996,0.0088485625498792,0.04086601564654898,0.02532591193709174,0.0693144241485096,0.000298453170802468,0.03584721177832362,0.0007629269264922757,0.05349477207949269,0.014690411785116906,0.041518490996948654,0.01527889098014118,0.026172886107447998,0.06406623983662924,0.02017511620276158,0.016585521144011742,0.06292455870030488,0.026886385191002782,0.018386592204354887,0.018581800276334104,0.014798952886926862,0.019059249930769944,0.013332596969362355,0.010375544014582693,0.008373998979107513,0.006762284937959796,0.019580778710545057,0.0016187095405853402,0.0015757600630411704,0.0013815519145671997,0.00734486258976494,0.011271943545178884,0.01879970497849866,0.02752147508434073,0.007533957240376296,0.02078643453359105,0.009001998449567882,0.0039207915131922256,0.0011559796725050795,0.020223188008730436,0.008761639494503776,0.012565897253507548,0.013855095054815249,0.048867013382037215,0.0028980353350099696,0.003910275815401406,0.07728250311319892,0.0008720500758988143,0.09005238635435764,0.08854733571240106,0.07449080463082285,0.04412179787342748,0.05429696267491607,0.034681328336200565,0.04079436236531936,0.0389607887260215,0.030245377792440336,0.041098381296402156,0.03702995657000318,0.02948088030640554,0.05384661698460052,0.005464486817366831,0.0557129680975738,0.00992960120463852,0.009763175201582234,0.030659504873003108,0.061320642158827106,0.006558175348456026,0.006883436430263262,0.007198034399743431,0.00676887085714682,0.02741109613335992,0.017261931052578644,0.020403099255288167,0.008234091450440371,0.004849406840567989,0.0038052946482909117,0.006518997351456033,0.01904283986477098,0.024400949161962983,0.01966586267949589,0.0013899439248397454,0.0009794692356874977,0.002926559159653359,0.008757172268843321,0.0987728505325782,0.0037864426868248627,0.01092430978856091,0.000717657618803912,0.07151092007580226
0.09910979970312649,0.058438288158070055,0.1071751559621713,0.05176875940676774,0.051422473720144385,0.05403947645004352,0.02477183178143028,0.07462485110764304,0.07330589957193147,0.0531097472708093,0.06423264092436329,0.05454501166598657,0.04351871000954482,0.039955346878622254,0.054526499029119574,0.002367162847951038,0.05079167669268672,0.04962258876793772,0.013676067661859517,0.05263982268024784,0.0800184941553834,0.012824014813551292,0.05287305863712224,0.0373969776132635,0.09241012816400007,0.00049003337820449,0.04329962498842144,0.001043244873266006,0.06078997095754489,0.021618709510131322,0.056320839836796116,0.018888391045291913,0.03459967641136074,0.08247292415026093,0.02852656214923297,0.02380129486894706,0.0828049009691532,0.03446610642999219,0.025792536277637838,0.02607165761811631,0.022040463449148253,0.02845793722970644,0.019918859156898495,0.015069525403345772,0.01149619904116616,0.009242500550050095,0.028343189479908538,0.0019712451772342728,0.0022650785306141774,0.0018298881342550413,0.00959636221413677,0.015882991204597477,0.024051738342981233,0.034966038984753534,0.010617094262965358,0.02706011957830569,0.012224958062599066,0.005031419692135998,0.0015293167908536132,0.028571872526885065,0.011766251929484184,0.01652679204118283,0.017821934735176046,0.06451984467176014,0.00439679418299768,0.005901228932524621,0.09615626022194729,0.00120106645039629,0.11947824038816607,0.12156162959309605,0.08555314370699683,0.06142290427600834,0.08635763843686028,0.037625565409401374,0.049436045528644286,0.06343932217501433,0.03597515963802723,0.05112684373547947,0.05501540639725485,0.04237483753281235,0.07235149679798154,0.008816837906498502,0.06408945947519878,0.014385680592408745,0.01408602219252479,0.04157325467360058,0.07502788168364245,0.009149269314631902,0.009963212638918606,0.010738966546367608,0.008132747300968612,0.03915042654858582,0.021750600983450528,0.035287369893286076,0.01284925108364418,0.006911693607219503,0.005501728402056062,0.008141490895945748,0.028442951613769876,0.037739025592909016,0.02492100473942205,0.0020708419851324248,0.0012765365610725385,0.004670339669152914,0.011213283448082229,0.15327366741936424,0.005334354365982951,0.014282552962211712,0.001009247861777825,0.1115058714623724
0.1467997660069319,0.08292365310198666,0.13542454952902866,0.08155036441616839,0.08366451394758304,0.06321441625397753,0.03333385884836707,0.12057361190774052,0.11668494157212853,0.07467221305101501,0.08948240607029125,0.07345327605408737,0.0640615022532182,0.0567621014491586,0.07210122859398325,0.0038421440842448668,0.07167300835281845,0.06711457016506865,0.02133410797574088,0.08224385123133411,0.1157929053974863,0.01958401933215042,0.08916315640644815,0.047631970118865906,0.11735714979873273,0.0005386962974017874,0.08333777652688482,0.0014192622735092677,0.11886458238460221,0.03397843910727165,0.08468142107149008,0.029080256370604216,0.06314724431324786,0.12629608855041127,0.04431744358771686,0.036374725266512656,0.11623513612386298,0.056225826071315245,0.03655696689119879,0.041609527816902435,0.025701191039011567,0.04146768298320332,0.03175530722666812,0.020915951486485215,0.014241720598155842,0.012064440493902925,0.03897398151122111,0.0037881049165754445,0.003307805947117125,0.002710647993247006,0.016549288892014992,0.024029423592780104,0.03902594087626186,0.05652801199609364,0.015373362157255112,0.03902659702431678,0.02248523998944868,0.008525166788030522,0.0028416848053815303,0.03939084120057539,0.01807343160861742,0.024215179998356495,0.02605440655448251,0.08614283486023093,0.0068721110268233025,0.007774431197188068,0.15656822554584082,0.001815710656119526,0.17062527775651237,0.17824483002818792,0.16332768171476356,0.08763415643243111,0.1219938215080613,0.07893648292093451,0.08489032422779562,0.07433665323031183,0.0666953774222416,0.07978656616438977,0.0700112268067934,0.0664356123253269,0.11555701888136836,0.01013796059278579,0.12317741871101624,0.02201772773491005,0.02028411225350316,0.061685920849592235,0.12263532925124546,0.012446706892627358,0.013979056497011337,0.013759159881191266,0.014448618329870168,0.05086289027170268,0.03808261947510643,0.042071122594718985,0.018147031084030988,0.00885467360463946,0.007676444138558601,0.01349163952344408,0.03901712298379706,0.047278397098649214,0.043202343319854244,0.0026700424164686543,0.00197550337262772,0.00605889783137949,0.01773499477979135,0.18090274748475965,0.008091022008448119,0.020054600114607288,0.0012312730855578834,0.13423419068205236
0.1395280528415095,0.07900583069955644,0.1274675881109072,0.058172266380401565,0.07546299574904221,0.05428002617075003,0.030330913781236007,0.09863798428207343,0.0992277754209631,0.07252365840234808,0.07639189304344202,0.06601674272847445,0.061170506432950314,0.04992757712280842,0.0605869578574309,0.0023239347629524557,0.06113234280497955,0.05956897998366647,0.017588436328271326,0.07842261899920148,0.10513388862936165,0.01642864733861181,0.06291240521572079,0.04339493839840609,0.11928376023981012,0.0004953506862910014,0.05893094452029326,0.0013437823612124247,0.10057658565137488,0.025014182087236995,0.06464451421545689,0.026924760476403277,0.048332468118394666,0.11909880408757524,0.032651757594156956,0.03009630778785872,0.09887980757195781,0.04491274508630176,0.031184534735347748,0.03506965319538103,0.025138233753399363,0.030310894308065554,0.023957345697336926,0.018038552891474918,0.014087920757271949,0.012270416524134372,0.03061914032909386,0.002700883022226815,0.0028416052157017786,0.0024691899710156204,0.01403376549436383,0.021160308590405644,0.03644964433796358,0.04822401326162383,0.01354711484103516,0.03418100461771069,0.015356083673999352,0.006692345828120262,0.001907584847643008,0.03567994042004684,0.015056189853391692,0.02262228532054817,0.026351128174245494,0.08375360401050984,0.0053031600343117725,0.007017027588089049,0.14995552232525744,0.001336316009457981,0.15783640664574827,0.15265031436496967,0.16398673218705923,0.08330910323329413,0.09393742771576657,0.06579229834147857,0.06610243722786946,0.0703001543434573,0.0612467780391276,0.06752315205167367,0.0709276577537624,0.049031684455039644,0.09518540335565268,0.009607850948446373,0.1184948776991921,0.018483555272444833,0.017528369799961432,0.055668191509511175,0.1121848493779623,0.011561898610369738,0.012164909756163406,0.013126380775766461,0.01307101672976349,0.04522088492880322,0.033535308081602024,0.03408442979402211,0.014718137350979474,0.008316340907142377,0.007033728557807508,0.012802935039298429,0.03105001717036322,0.036550292711673704,0.03664784234018392,0.0025966807055305104,0.0016084210453639273,0.004797461647328853,0.017500206541617186,0.18023529354802414,0.006998545545741143,0.020406171013903757,0.001138574146580482,0.1260186659872608
0.10081530708958676,0.058930834904372446,0.10284501482571273,0.04736957726051636,0.052242625539998463,0.04511533810529362,0.023778153862463524,0.07182269258332374,0.07856126605655492,0.051504813247247545,0.056179946036292346,0.051024337833309265,0.04945137131894846,0.038654867915229804,0.043655738829973374,0.0019564074583231185,0.04652706705170751,0.04732738375774111,0.014097821487946312,0.05167611887890792,0.08095716026505556,0.01166773231854784,0.04881438844760336,0.03194981268758829,0.08465127669037374,0.0003810039167388306,0.041522119972155165,0.001022503761813712,0.07120170909187912,0.020696045155588795,0.04667833810266066,0.02153731787796315,0.034918329311726726,0.08742248298796601,0.027048460472603057,0.023475871638146073,0.07119118995352613,0.03737088230060231,0.02221723930161071,0.026764624465429834,0.01958074485155506,0.024666571168889116,0.01823907296925696,0.014026532678555262,0.010080896919263983,0.009562663071054892,0.025804319357772144,0.0021746037736069933,0.0021554048284344336,0.0017704137661357867,0.009806679288193136,0.015338975007671592,0.024093832697975923,0.036406784293339864,0.010449843992798167,0.026217146684429177,0.010875628858378544,0.005115543055942125,0.0016017915738765207,0.02573668874285097,0.009577104987882772,0.015042238126150853,0.017515006838362393,0.06023058369260281,0.0040315145238330585,0.005611305925780489,0.10424971682355492,0.0009759345370204672,0.1153476208550329,0.12294237779522046,0.11972421132860951,0.06899666220767892,0.07472953384705747,0.05241812621960423,0.04799120312842069,0.0539151638479238,0.047703156096684296,0.0546614886036886,0.05582033693236131,0.041146888125009225,0.06975653544457962,0.006971787259160085,0.08291781173594989,0.012667858194787546,0.013389888048713093,0.0400985108359681,0.08144942829439418,0.00808891483569647,0.009161491635325964,0.009586672277400298,0.010070850841744795,0.034019736777614294,0.023595209016891352,0.02647234565830121,0.011528441788679183,0.006592704394166397,0.005003543441737314,0.008512903391569085,0.024931588690112833,0.02938558875276243,0.029472944134840803,0.001904137705708878,0.0012934718576327778,0.0037895243111953207,0.011951286842907926,0.14695145280808736,0.005259129877807901,0.015702946824833103,0.0008548530280495253,0.09283309066650652
0.09736355442778426,0.056347142762738396,0.098897061572018,0.04360566713797225,0.05241131261766254,0.04248283811765303,0.022340041534315385,0.09245056272155708,0.08470201478823743,0.04905333486392343,0.05551252706389215,0.05004693805179916,0.04771056775347051,0.038125797289722346,0.043239019677481214,0.0019425177785530822,0.04811847360326118,0.04493412529656667,0.01376350583558251,0.052159883733749045,0.09150516613567522,0.011386572899460918,0.05005233458017539,0.030355348690807086,0.08262870480970244,0.00037095771646645864,0.041155497149805716,0.0010823104872084237,0.08251639746450577,0.019584290042138023,0.046616411946920414,0.023926990249797737,0.03420839361568611,0.08555258628174384,0.025564185749527818,0.02217532322806336,0.0698343753538193,0.0357770987783886,0.022536426953146574,0.02650801526316761,0.017247800354524574,0.02300496093798633,0.017402596058850923,0.013075397347863948,0.00972682274119148,0.009192164350992427,0.025126005519223202,0.002038581048131115,0.0021308101745948793,0.0021853716634349456,0.009616041004691753,0.014201825036658088,0.022485502970183584,0.0336521306093584,0.010135287850878093,0.026086996475160832,0.010301666348185428,0.0049580668983990085,0.0017212729680260112,0.025714158875424924,0.009288573594585701,0.014761259008636786,0.017357031419665048,0.05916410489892316,0.003837344525529014,0.006784927214533551,0.1005933216989661,0.0009303117157186129,0.11163653936582396,0.11746494502840901,0.10920326452555729,0.075171926697893,0.07555020524454853,0.047664125105718096,0.046570591004474124,0.059609952243193154,0.05845597318181412,0.051367166118023416,0.05395398551542577,0.04120973464733911,0.06845028800654958,0.006650339728169314,0.08060520486999037,0.012818534996071893,0.01264528034749865,0.03871831840849455,0.07717104391674136,0.007588323623973081,0.00878141361003054,0.009387905913489362,0.009629486044461844,0.03159777518580522,0.026587593779389664,0.025512833572379035,0.011168886164610764,0.006388106690189241,0.0044778036433355765,0.008118777107991432,0.024708059275271105,0.028730297526128122,0.027720515041991196,0.0018614442877502504,0.0012003483040685479,0.0036408265844298875,0.01158009131851878,0.14401196913933711,0.005183302905173785,0.01527691166760807,0.0008390902901871302,0.09129209519007361
0.09800517617767447,0.055727999714316676,0.09923405296242176,0.04342353539306377,0.053055174561986,0.04251981760287579,0.022252213699140266,0.06985792474899438,0.08341278572198278,0.04978709306855667,0.055496898795943383,0.05136670164788947,0.07414844008479332,0.03777230467621296,0.04317971733654964,0.0019156419568551932,0.057492271278681006,0.046576143471787845,0.013770878751416861,0.05256798062359745,0.13459184549035366,0.011357421308941672,0.08408119787475447,0.030403879259192183,0.10319028865499412,0.00037187884921145687,0.04119005423056888,0.0011355280414041247,0.0671313324934428,0.01943754452647063,0.04698277507475145,0.023762686221915935,0.040269688515080185,0.10384021884168167,0.025533549148651035,0.022401555321691705,0.07063345599998447,0.03545759637713862,0.02235202938108282,0.030045846887700487,0.021856155983686384,0.02279501092480508,0.01738642147615262,0.01308088137139226,0.009990298776662184,0.009106220795436954,0.025066759254485076,0.002029337475568718,0.002140880301296327,0.0017265003191652506,0.009575207514290163,0.014087977938493463,0.023663738201291036,0.03416192339143774,0.01005354722588089,0.03571343990222413,0.01208976895290208,0.004926536923115969,0.0019167959407711136,0.02562361828670345,0.010169808701857661,0.014858181171572215,0.017182785124510117,0.0580106099250627,0.0038259611340611638,0.006757473611380965,0.09978666201626653,0.0011744917960293457,0.11142817818964684,0.11827293842076331,0.10915389744898082,0.0652073258252532,0.07550341981947359,0.04714506701429456,0.04645302929364849,0.050489150302220225,0.04446059853311846,0.05137320904060188,0.054253421250462924,0.04092643685238055,0.06884829897088894,0.006549372234460677,0.0812644685888992,0.013289693873279475,0.013525054699163066,0.03956992650204206,0.07760841046076063,0.007548194609769923,0.008816206744846648,0.009279077696542362,0.009578138632370682,0.03169675773568064,0.028708521869348927,0.025248443702332823,0.011184410402473767,0.009038940005245693,0.004500637120683519,0.008225966557936334,0.025101674639546483,0.027896174881666194,0.02752100971008397,0.0018538969025174586,0.0012048650690685146,0.0038612490970468824,0.011813709515638926,0.1441493861263121,0.005186272292864905,0.015354577414332923,0.0008477348988853574,0.093257897209074
0.12179453644283457,0.0798658654969502,0.1019680442897444,0.04528338071126398,0.05479241387449268,0.044643392001807,0.022372908499661583,0.09866616871068194,0.10676825856743634,0.05427045076765552,0.05690252360145288,0.05230223522578805,0.048982123219797044,0.040505780608251135,0.05412220131290363,0.001970775481656664,0.04960517697383368,0.04897694450611442,0.018018139079242025,0.05382882997285825,0.0814918518068842,0.01215966540856009,0.05212692884760893,0.03074046223347589,0.08383855711350548,0.00038441426439338926,0.04306130029350305,0.0010213128430086138,0.07080171278710473,0.02035250974587845,0.04761042662744781,0.02089895349174028,0.03588089073058001,0.09109954254217638,0.02585431893245796,0.022943673036777527,0.07154205531339052,0.035993637658948495,0.021996278438194548,0.02675750772844158,0.021267609730546352,0.028185431516395243,0.02198418604420209,0.014176657822642755,0.010493742347527278,0.009946979571250838,0.03822680786308974,0.0020523041981660565,0.002214091554187418,0.001760318215597682,0.009769535571020607,0.014484281128307021,0.024269734229717028,0.04206799034996792,0.010582937517649525,0.02775380906975646,0.01208602464811455,0.004923844280598685,0.0015851715580149387,0.025698577471784487,0.010517795048925038,0.01538425237852888,0.018082120841438808,0.07601924511724212,0.0038735169643194034,0.007076672363079847,0.10259047590801283,0.0012160815561412042,0.11342825776817599,0.12113206348576844,0.1287230066038877,0.06663843588690979,0.07652003958551382,0.047856442274809334,0.04824427490286978,0.05116127118262199,0.04624452207260627,0.051706499462814665,0.07318760956451653,0.06193150301513524,0.07125623608260424,0.006947908992340634,0.08742593144933933,0.013202600544877532,0.01480887893849441,0.04309866257742744,0.08042118682781942,0.007515799551031373,0.008833175208806181,0.009263170269188197,0.01000765938615906,0.032338730273444145,0.023086921149326516,0.025707350586743807,0.011456173784834166,0.006402293918365655,0.0047764297098272955,0.00818804014039533,0.026629054948550404,0.029134258111491194,0.02861507120763973,0.0018641337477865623,0.0012601362799564873,0.004686440490547778,0.012760272728344417,0.15991204442172632,0.0065906205323479575,0.015577970188118604,0.0008709096336297076,0.09706400793816958
0.10490006387093909,0.05773201405150951,0.10333424703248716,0.04491692813797453,0.054317714182699976,0.042898765793029904,0.02430366011949886,0.07312919742948602,0.08983749971293382,0.05145166115115222,0.05668740508968753,0.053985882647660736,0.048619067930740154,0.03758604511215419,0.04856100408459731,0.0019862596399717295,0.04590048395302331,0.048273599559677235,0.01453259311855313,0.05485204790396772,0.08607220085009198,0.011625922800566294,0.05237520773770695,0.03259010308983033,0.08981104948084544,0.00037251655649645567,0.041268701379891956,0.0010079780295267115,0.06864906995164737,0.019837283622664285,0.05019694231946327,0.019150066828644723,0.03324497097277778,0.08861513917916299,0.02602373476267958,0.024045839172514977,0.07226001102085872,0.03917948386459002,0.021997266635258125,0.027837015061888622,0.01943891841715246,0.03004186391142824,0.018481552273673717,0.013504179437483705,0.012831029758960945,0.009698866903799168,0.028261138992516498,0.002613584589815414,0.003039778309414148,0.00186758893474059,0.009687048640610978,0.014463625325686433,0.023394293658450617,0.035948948809194275,0.014205201467453573,0.02728126369456678,0.01014548942481099,0.005236842258373985,0.001887235340270318,0.027124065345376085,0.01052517834383769,0.016577360126192615,0.017304668780883346,0.057572345505371464,0.003973847371640625,0.005156944744401174,0.10115651052147384,0.0009846254998665143,0.11501536924977748,0.12426547859766023,0.11857807236742614,0.08206475683250934,0.08028599109566391,0.047976194408965105,0.05138074955428685,0.05192940933165259,0.04646988154620586,0.07600462631066154,0.06075551063903954,0.04070826498729752,0.10385047025329615,0.006608704273080579,0.08272570436179978,0.013290335051157282,0.012902666651229055,0.04083910976536996,0.09810707238771464,0.00773483100673661,0.009026522293556096,0.009474708461792136,0.00994453760141741,0.03698666800830894,0.023270268507177574,0.026756119610891305,0.011425392968381659,0.006832155761065131,0.004716761478468857,0.008883054010083848,0.025188626309456456,0.02758735362812036,0.029450848383027424,0.0018830585346389357,0.0012270887875193747,0.0036434182659421392,0.012194265368460263,0.14103632310559347,0.005929049561687186,0.016089852674547902,0.0008339965830788263,0.09457440776026024
0.13604182965834535,0.057426542812387536,0.10317804161152352,0.0469825473025858,0.05760069733644959,0.04823369727006898,0.035089867769113714,0.0785800659223673,0.09639080174581781,0.0581086370889467,0.07201873594742585,0.07009067648551337,0.05013714242050038,0.041192737925156084,0.04727077747784278,0.002651812701095389,0.04905548527368253,0.05225155264011658,0.01855947238401718,0.055042068018303386,0.07930119297150516,0.013481076320912682,0.05708604105347285,0.03949188048188669,0.08573121196826503,0.0004034592230207438,0.0431466999758488,0.0010267893309444667,0.09567485578635873,0.02045475426046727,0.05688217047431259,0.024142142050518747,0.0382745194542301,0.09387694153853228,0.026983986431951913,0.02450726871255459,0.08336263492269488,0.03635300615873863,0.02361553814657433,0.028729453880215812,0.023758269236588223,0.03030619240903618,0.018511809898204157,0.012831244050363965,0.012519542132949766,0.01111701149233335,0.04629637269123267,0.0022547562133836186,0.0025223360644042324,0.0018556032158143641,0.010000843355002287,0.02058038492264514,0.02363608200670515,0.03563292618529137,0.012033539156648896,0.03711394514554761,0.009597539979457528,0.005069898422302353,0.002067965497692837,0.02543664144301817,0.01206634400823659,0.01710030481176427,0.01890942095077798,0.06160108853045082,0.007175548536351695,0.0069922059675395845,0.11231198142883903,0.0010766379921331093,0.1253489573115353,0.12501675438709897,0.11325383315865545,0.06909361846224633,0.09953241413796411,0.0505532444747876,0.04905374561405096,0.056258572207602824,0.04834822174588676,0.06521336110610146,0.07376323536568667,0.042481644057808216,0.08090844030589991,0.006649188238145027,0.09021179330685597,0.014149940859335504,0.014263654993690844,0.04346041046407645,0.08459105666202418,0.010951426861573703,0.010361971541967642,0.009289784618799972,0.011196174315417128,0.047454214061278255,0.023997905136867864,0.025590144506245912,0.011847134763659931,0.0062343930998684325,0.005246774922363526,0.008673301992925481,0.025881482664568342,0.02803659443023069,0.03801027068743423,0.0020661248693619304,0.0013102116677807172,0.004189517956592444,0.011686175040750299,0.15015957118821724,0.005302207516631256,0.017202547891747928,0.000926369002369798,0.10203697260162023
0.12918376274926247,0.0740142461394743,0.11450412401276389,0.05752998928958244,0.06407875629361688,0.054797372830351715,0.02841495229580453,0.09049769497930683,0.10301241617597867,0.0748035808332344,0.06915600498316388,0.07175945553601,0.06507998784094288,0.057476764041721036,0.05452449557165567,0.002246992314940636,0.06442844802188294,0.05887393186769665,0.017579450587098207,0.06519177774957473,0.09061970643249953,0.020393359542618915,0.08530793697409295,0.042637757164784906,0.10640204422170976,0.00044089294872132385,0.05263480328837447,0.001395695989709113,0.07650876065625985,0.025624107572607982,0.06630813042514988,0.03149863870941605,0.04107722960402569,0.09824122199430506,0.03679752986056535,0.02695500077447618,0.09210925539653986,0.0427218305053785,0.029997117143751778,0.03623151134254931,0.029276622070448777,0.030169837337184285,0.020807206280785293,0.01602305999433072,0.012920000390019002,0.010216502205722509,0.03161581900155635,0.0025732328403603373,0.0025981245061193906,0.001986786762937223,0.012868945083430207,0.0203968845365739,0.02725050261383386,0.04475998964526458,0.011996477124949875,0.036643179602279544,0.01241108942427371,0.005858799250148658,0.0020322474816770577,0.02800188793695708,0.012799233176934603,0.015546695554837203,0.0214793319287252,0.0804183374945545,0.005296082108957836,0.006414748984414158,0.12069742977380836,0.0011302322630170679,0.16540686271351746,0.14625796157735657,0.162834010948999,0.07116678445852687,0.09525842795317672,0.070500301946881,0.060664535038953374,0.0697580131716797,0.052545283501915646,0.05662497360149441,0.06233345816380773,0.052925889431946954,0.08214981371009489,0.009407309870005867,0.09106316439991492,0.017856803896889727,0.01755032790716097,0.0469710752801823,0.10085103465405028,0.009541876997226794,0.011554823423526596,0.011986246511363152,0.011869194669285056,0.04402856941373232,0.027508413202119376,0.036782198212251524,0.014273109198906696,0.006498197346629039,0.006414497676574712,0.008742775338180808,0.03290463266636979,0.031036790364596018,0.028847827428198157,0.002545257103160818,0.001489071446275974,0.005785734599988179,0.01262454796607762,0.17195514517496108,0.005841775384330778,0.019772869100533618,0.0011545817742077,0.12755264630977975
0.17081161781906246,0.13156789778961728,0.20594535018721377,0.09419013238614028,0.11817503898845358,0.08692778575321508,0.04180787548587681,0.16520647305213962,0.14912998163171615,0.10914631687376286,0.10593943187528033,0.10697088913795444,0.10563391871411518,0.0853589529052146,0.08453148008303278,0.0034346662338483975,0.11816162970525944,0.08041589791886984,0.026117863132324906,0.10836757849368193,0.13468709152667446,0.02979148710981979,0.10635172810859811,0.08336064421463325,0.14927835359718158,0.0008718567642081016,0.0931650953218443,0.002079379005053396,0.12176396388370639,0.03563698679798886,0.1058286039714082,0.046008067984245504,0.069828046382903,0.14356215725979002,0.05034645228264817,0.04545586462685409,0.14669146623417295,0.06180277776997383,0.050779296669633746,0.05251765560181484,0.04090036875792595,0.0461368731497658,0.03579295715076008,0.023080198521834835,0.018184367312877897,0.01634324517941122,0.0452820319247539,0.004141991536906574,0.004270624601501005,0.0027383997678757,0.01886843435891957,0.02885183295343259,0.04384055898666916,0.061061133425230785,0.021587063039607408,0.044601698039796196,0.02003646465840674,0.009852031532999439,0.003263142376281106,0.044938031456080656,0.024530705901435506,0.027085462565511535,0.03694687084048776,0.12436681435051697,0.007817487010502866,0.010393010935056261,0.21986371764097404,0.0020490317665125936,0.1893327325473349,0.23166072461663656,0.21919475670711866,0.10553621289212348,0.15115159924829671,0.08438520502502238,0.11406312815653388,0.09416610600438587,0.07413120629197455,0.09038399300624035,0.10160366682515469,0.07674634954322081,0.12528286389982812,0.017657675289292695,0.16899594224283923,0.023860045503805192,0.025806369062231677,0.07696226626090165,0.18221047527826803,0.018214121775749163,0.02508156916792853,0.020395004384394,0.01655637037599505,0.07132230052366854,0.04636646836894596,0.0677708097069687,0.02772878697654419,0.01106911001519864,0.009030497836261553,0.014142698007183967,0.053113049062421744,0.06870255358434095,0.04676855475816147,0.003772298603078609,0.0020280686400191293,0.00849514324493376,0.02545024549002622,0.25184090907669415,0.009078709209881497,0.035276256457064545,0.002205232332224815,0.17340213336832136
0.25086313631391166,0.1458722548578309,0.2427717693305355,0.1561587073244783,0.13897962017540103,0.12841986657371157,0.05290193704423441,0.22981395191169082,0.190497826288556,0.11486600097065655,0.16745321383149817,0.11200618048633454,0.18008576682775002,0.10266673902709901,0.09611867667127125,0.004592009627544039,0.13051946803864267,0.11711051630403736,0.03607291233403598,0.126105339770572,0.2516525084747309,0.03513879020891396,0.16757531962396474,0.11609973093106514,0.22524659633414787,0.0013093424459863885,0.17791137079569674,0.0030211871517742154,0.1874834751002385,0.04795236937675331,0.139086944839778,0.07665630363566701,0.08418063233488303,0.206847075407506,0.06552597349169534,0.05340984931497804,0.1799675640053585,0.1035678219103883,0.05354348149587561,0.09335735581193061,0.04999331638245485,0.0605809025376148,0.03666345645925565,0.03472003846067339,0.023591503165046417,0.024448360211990865,0.07976693513530782,0.006043465517395836,0.007301271390020001,0.004366948337625524,0.03777376645012974,0.043042609537526186,0.05252460408663678,0.07867251800662034,0.03707632256717555,0.06630697080292274,0.03247957774204745,0.012918994789904388,0.0042392053710556855,0.0649117064470554,0.02635729420337878,0.04280656363934755,0.04487034392415869,0.21777125556413074,0.010343490932669572,0.015337493945325251,0.29974382089244717,0.004185011030604817,0.3625109039939455,0.32563063508647166,0.24890880009848704,0.11511075473141133,0.20365255201710056,0.11693518329139742,0.14022240365052005,0.10763955102673793,0.11226140896959165,0.15567451758526696,0.14531222226965115,0.08623356937783863,0.20727604480751047,0.019255822233528473,0.2480831939247037,0.059003111849317176,0.04234206669521032,0.08578878561471423,0.2374827549879574,0.024190791227479434,0.030851080425141862,0.026471182765588182,0.030195970864341986,0.08680911027717818,0.062264614266820714,0.0730653689971524,0.03284054378184846,0.021887150775858018,0.010517360155330524,0.02054903777455795,0.07151965719614417,0.06857688826370532,0.05884549203814119,0.004289562029434213,0.002364192092829849,0.010537906612890434,0.028357017481906745,0.2530662966447567,0.01565530046125402,0.040089279854482095,0.001814633157333246,0.32390368651529783
0.2327441768127385,0.22165064865679823,0.21271055146468387,0.17057469762400257,0.14282663589587538,0.11471951649895175,0.07291627559180236,0.16824788605931318,0.15436123785847716,0.1532755205587724,0.12257296517710252,0.17742779708683587,0.10135345203449372,0.11185320759781857,0.21924075442403385,0.004718983269013236,0.12047532460686293,0.147577986294797,0.041501797626125624,0.21285186001990017,0.25233039750564884,0.03475512075606034,0.13058909267493693,0.1282028894024593,0.252008765507045,0.0009099312779052021,0.1382132291553169,0.0027315504826715417,0.18777282153963887,0.055918356535222674,0.17788587879076603,0.05940749383702716,0.11660112481229945,0.2105882945894556,0.055782391256128896,0.08254476608100972,0.19474041534207678,0.07984347798848869,0.08596583187306182,0.07212202931568994,0.06632359336536073,0.06024768099770689,0.048874848088298804,0.029954879016532456,0.026354384845169384,0.02142522731564509,0.07697364143101298,0.007425877346304378,0.005204807824506362,0.005264822279387454,0.03352782140301052,0.04255191413341157,0.06531966117004731,0.11258779704845495,0.03132157841211305,0.056882315819972926,0.030331430671709222,0.010992626217377505,0.0056946957510904195,0.06695497591903958,0.03118052875368618,0.05241395604835771,0.04335567324301563,0.1608324302973929,0.009730190331609444,0.016050923198932074,0.326490957739854,0.0031197243069383852,0.4450134826853803,0.273218921008659,0.3294363754100007,0.16972348743084467,0.1834384963008974,0.11077349980581261,0.1311809209286239,0.17204910883322433,0.10190245408373448,0.14180601026766837,0.1443760916032718,0.09801810638881579,0.19374893207677002,0.017528344778143693,0.23960668473958469,0.04322244192076242,0.03578798600005834,0.10334759561323906,0.19713519504664684,0.025622083721340047,0.025415178509811835,0.021422027662947266,0.018181721497670493,0.08211818583493889,0.05961312939943616,0.06994363012235273,0.030422956003838028,0.012797382512185023,0.019451070096523613,0.023507017925620818,0.08008503291400734,0.10128548528258735,0.07965561433096303,0.00530598078996376,0.0033150997348045746,0.010133993049206029,0.030829996753007828,0.3501643130729257,0.021431577177963273,0.03363116551040714,0.002981932873327384,0.23412218780136326
0.2256691023032654,0.13560667860216963,0.29381526054430246,0.1392125743474873,0.10856462731026767,0.12043339616614493,0.06593204545573504,0.1840305397594298,0.1955978155558438,0.1401586203565125,0.16140415482544682,0.15306479676837786,0.13934875679171993,0.09684596075101136,0.08806878458130268,0.0050012768371965974,0.10726350095360201,0.12531909866551275,0.03820126577215495,0.1475895155164558,0.19181435037347494,0.02340556270508768,0.13470810842802128,0.10008307786177843,0.27055589728578483,0.0007465026123887782,0.12050371828375679,0.002185883656148746,0.22916711368919665,0.0778482650874986,0.15605391246543635,0.04192537231879517,0.07843196176746962,0.24044747245453948,0.06216234907304425,0.06845695407187963,0.2822519148379658,0.10270424764632759,0.05615370521961195,0.08624671888395113,0.05488632836934453,0.05970962020443226,0.04203453340355315,0.03270363155960781,0.021609013270149142,0.030890330785208128,0.09410207192302035,0.0050953771662123545,0.004246523113424081,0.0043558417667867964,0.019989715445750292,0.027299525368120456,0.07664751645980228,0.12362383276074682,0.01715673686900967,0.06175037860458944,0.03442750304058954,0.014332024095426407,0.003662948872300758,0.07051237881775894,0.030441227776248227,0.030414256290564455,0.056251822006243936,0.23940220454956934,0.008894636351002235,0.01169693560868399,0.24311821734449043,0.002972441835265228,0.32991270412464735,0.31868505322123974,0.2764441098436145,0.14726984864268036,0.1841435801776151,0.14764446815793433,0.13057022822467848,0.14593995897507214,0.10200720833445966,0.11153654623189217,0.08857072645766237,0.1181804430189811,0.14633945571072104,0.014732648208648188,0.19679113489130198,0.03245022612170753,0.040332485582543376,0.10645004359026282,0.1904125867452313,0.01993689683641272,0.021241636908682342,0.03067709126242613,0.02482769298585013,0.09716409903057487,0.05432593347581821,0.0790525711438169,0.022409861893550875,0.011606213897656823,0.010853472198003089,0.023603831941561897,0.06641326132274836,0.10018222517004347,0.059123726893499984,0.00424533378873235,0.003412657743300435,0.008231245274948746,0.03123444094401549,0.24979101958678188,0.012285432743270385,0.03228606592132816,0.002224325570888794,0.25204278820534354
0.24111816324079277,0.13807710036822324,0.2052134841793487,0.11804851533576437,0.1470362100396108,0.09038591682181946,0.048041643246539256,0.1659486630054964,0.15813918131964205,0.12097546710558277,0.14406734946593025,0.12020021820626434,0.11616528035157288,0.09749887062072275,0.09255011823656442,0.005570824573481194,0.1272020949881025,0.10363646362505212,0.0326347143172208,0.0959448541061404,0.1671384014050045,0.026418437121285505,0.12490497162680764,0.09659200794246367,0.20981821134220954,0.0009264531337962573,0.1075058866307331,0.0020300210709267726,0.15162345135090963,0.04902085535074707,0.12305845811627354,0.047659236988653465,0.08284745749767615,0.1898740023314697,0.04922478688039816,0.04763291933560652,0.20074095664102934,0.07927129909217479,0.05480521150665269,0.05814414786472934,0.041703159896053874,0.05357507298384529,0.0519528990629968,0.029590762704350692,0.02704734309357277,0.01860541318412049,0.057436682599293104,0.005462773623365446,0.005018422983378152,0.003895387955959605,0.022867574574495057,0.03583757736296431,0.05733698529895258,0.08708960027188713,0.0207218373461932,0.06469355316597566,0.036233933031897765,0.012418467289715636,0.004612605064765144,0.06603567310425364,0.027554165168166632,0.03284193217817146,0.04360343431634714,0.15171430190466423,0.008918218563126176,0.010733265547580135,0.235561956235121,0.0030270964414855234,0.23801322410039513,0.27178703398423376,0.20359887443200686,0.1449290476395524,0.1815235963734183,0.10663808587498279,0.1054743926339625,0.11354398411333659,0.08788571508127249,0.10756495157723951,0.10432695603644003,0.0843413354853051,0.1680442034092092,0.019056553854588498,0.15263693207076692,0.029963310859658355,0.028723793616426588,0.0960109870468114,0.18641872220710687,0.021693745078226953,0.022938016282691855,0.02516027309117598,0.018287272826460338,0.07461219767424244,0.05180787649334753,0.06963280861272464,0.02443060018871854,0.013422793511757014,0.011084615367092156,0.01779246723088011,0.0660033160107094,0.07955352507631039,0.04992417135209191,0.004077418548245332,0.002765957825138943,0.008506838207757795,0.02335752956148296,0.2746676270709645,0.011680151034928244,0.034680898114613425,0.002026217914139713,0.23273240786485344
0.20600523670833953,0.13010717122670182,0.19676332594985982,0.11643209609970145,0.1142605484369136,0.08335725169487421,0.05777665578783151,0.1270754464274005,0.15302646719403792,0.1004544367041557,0.1274664516648246,0.10385087878656872,0.07661673335578889,0.08103259052212182,0.07828550109356389,0.004641172716015787,0.10998701064951462,0.12114805571237859,0.03293343261032188,0.09081813692741982,0.1521414203343782,0.02535737676241893,0.10385126657828812,0.06564881317331457,0.17464391474152763,0.0010570044459527446,0.11870079196669925,0.002455396405296659,0.18303677061742862,0.0439506668991413,0.09698594845528555,0.04018392257485638,0.0633315462610271,0.1614006724255532,0.04296668957294045,0.04383637856032398,0.16378787102340361,0.08998983027665762,0.049323089476744415,0.053082724518682296,0.040667726576022634,0.047964480859444804,0.04230908300125101,0.0265155965108507,0.01743941911238266,0.017744003659975256,0.0600312218532023,0.0040030890830554874,0.004255813720049115,0.00388287474818088,0.02039304865716677,0.024904412999138155,0.05052685073655056,0.06696195431468271,0.018175785698225533,0.048964066079682886,0.02377958703389448,0.011199351675156113,0.003273154434029047,0.05714311337524418,0.02877104874811245,0.029650433522634356,0.04128439066996424,0.11982923890596558,0.008140168648873753,0.010240274959994966,0.20143617936852026,0.003098678543968055,0.21551866414797466,0.2748042244999871,0.17845539954700865,0.13257583784102556,0.1295191195271744,0.09493727138932496,0.11405729494187457,0.12095576253059301,0.07658190442078221,0.14081032256281514,0.09889337942868022,0.08956671446886827,0.1460016431741746,0.01441550361406397,0.1552727672170425,0.03413663080331625,0.029280514494716702,0.08679335401002057,0.190310027268192,0.018523334070645492,0.019604724995521832,0.022529505814464855,0.021860272394551718,0.05731033076330278,0.04334179368714998,0.05437550708391134,0.019413683985991137,0.013144020063613418,0.009826576238130375,0.015797369417942294,0.060015527112567656,0.07003908312810521,0.04602845433334434,0.0037586823315858674,0.002347020154823143,0.006950630647707446,0.022640001885102685,0.30557301740476306,0.01053741015449332,0.03443853355536824,0.0019561141374632497,0.16538693029085064
0.1316061002958565,0.08479492070942683,0.1364949927691347,0.08141726814104297,0.0903497491466138,0.057830056752135726,0.034450970481633994,0.09712416730547986,0.10704284761531395,0.0705306708642041,0.09149109815664722,0.08196346230222377,0.059737593060376286,0.05566156778840272,0.05700076899704172,0.0026504131032614184,0.071595298960684,0.0782029069560316,0.019454244841601482,0.07854504806615602,0.11329417489980055,0.014247839866280702,0.07586730459401198,0.03984542306340175,0.14431419451049748,0.0007344477882042361,0.0811229456954433,0.001820297661497585,0.11458414855510834,0.027169170011439703,0.07198296343246953,0.029975972749972487,0.05235065248454124,0.12614994717611633,0.036133127157968827,0.03130643966136484,0.11900082049227383,0.06709722510127943,0.0339145279431898,0.03874188948132067,0.024269714090837217,0.03022871329024777,0.02353750372746985,0.018523546222259858,0.01360301273454395,0.013254212100890408,0.03636647515031263,0.0033261751538707675,0.003170785407970891,0.0026532982330058725,0.014304348864494824,0.01723006177433647,0.041101375596434904,0.047873759947317525,0.013291292596807601,0.039221043661753587,0.016694081429520783,0.0066741922059876035,0.002181402111977008,0.0348737080614084,0.016029716147071806,0.022565736064193136,0.03025894894818285,0.08357426578550302,0.006092462871361927,0.007971505956101991,0.1548673953018674,0.0018808739429053035,0.18653299656293681,0.19238796868307997,0.1768098303277935,0.09475038807526737,0.09786795383882736,0.08011259162923264,0.08515865210212284,0.0676192180307381,0.0626416635882577,0.074267053649251,0.07174559010367969,0.05742120674160542,0.10556700212152619,0.009598154190347104,0.11354582582227715,0.01968758046398437,0.019615011439781463,0.0591653028811574,0.11302319039350303,0.011574958780446764,0.01309724123005007,0.01584119739219983,0.01307589368884949,0.05069518555148516,0.03359060920775548,0.03863089873579715,0.013184271274308426,0.008234680562284448,0.006760581558730784,0.010926523778850294,0.03679222062032022,0.048731688549643715,0.03591181783074985,0.002561379782436091,0.0017817763380391794,0.004801770317842972,0.019147136828577264,0.1954555163685372,0.007282315725962123,0.02177866111823989,0.0012704309589529692,0.1240341568911565
